0.0,96268.16,59415.98,61602.58,34866.59,57518.83,48109.74,24629.98,58719.16,42160.38,68440.52,42933.08,28283.83,58434.46,28946.11,57309.98,100001.94,1197.23,28933.58,30056.38,44448.06,17850.04,44734.67,42701.75,65306.47,35675.22,9905.62,45121.28,12670.68,44448.06,28914.32,56581.84,56131.65,1230.1,69949.24,63048.06,29146.9,117822.43,32207.01,92255.91,61397.04,37211.68,95019.31,56914.07,54340.54,117827.7,48034.46,67676.57,25344.58,60652.33,37269.53,65731.62,38020.89,23700.74,31636.66,88003.69,72720.64,96586.88,38290.28,16128.31,58749.08,71086.49,963.83,37269.53,38790.02,70456.69,57641.54,64481.24,19502.0,48169.9,35131.28,39662.38,42067.4,42008.77,20881.52,64587.21,56131.65,40584.48,27967.43,71351.73,62489.27,67228.56,67730.19,27550.03,38882.36
96126.1,0.0,28278.11,27201.53,44495.87,27320.0,30994.16,68962.68,27975.28,52025.77,23962.71,51506.06,54052.98,28812.68,57737.41,35845.82,11081.0,96873.91,57857.55,71454.9,32535.66,70704.15,41915.68,52567.14,35693.91,43068.69,67989.67,31856.34,83452.13,32535.66,46536.03,21811.51,28629.77,96287.09,7789.4,18058.44,70545.42,21697.9,49851.92,11256.8,27504.73,40388.88,11779.17,29416.92,53698.13,21703.17,33605.34,31912.01,59307.96,35879.73,42144.73,44380.7,41323.61,59439.09,56286.97,8983.37,16930.71,14068.58,40817.52,61766.02,28098.59,17772.04,96020.83,42144.73,37832.81,22622.69,27261.12,16624.96,76147.88,28624.69,44746.11,54930.94,54342.06,51874.16,60786.84,18493.23,28629.77,47659.55,68943.86,20373.02,27216.31,28878.4,17861.87,74201.2,37839.32
59271.77,28492.1,0.0,6331.44,28054.27,19473.78,27150.46,38956.51,4799.12,17830.4,12963.92,17725.51,46821.34,5028.36,30441.23,7567.74,39759.6,59744.11,30561.38,55545.0,28691.97,63472.51,14623.81,18044.26,15406.11,35837.05,49084.11,27490.07,61471.32,28691.97,33647.49,9034.02,27002.28,60180.46,35083.74,12180.03,54635.53,20936.04,42620.29,38551.14,6125.9,32861.89,40457.77,27789.43,37677.22,27801.8,29761.64,17776.21,52076.32,32036.04,31032.83,16102.63,34091.98,52207.45,49055.33,36277.71,44225.05,42747.18,33290.52,42860.46,4829.04,45066.38,59985.82,31032.83,30305.81,28305.5,19596.49,13613.21,44834.82,24780.99,27615.51,47699.3,48550.98,17955.55,53555.2,16778.2,27002.28,24436.26,53215.62,47667.36,41446.76,56172.74,14369.29,56803.48,28327.06
61528.51,19452.63,6359.11,0.0,25394.03,15754.15,23430.84,41213.25,1667.7,18814.69,11933.59,18619.46,43101.71,2505.1,32697.97,13926.82,29512.8,71173.48,32818.12,51825.38,24972.34,59752.88,15608.09,18938.21,16052.83,32117.42,51340.85,23770.45,57751.69,24972.34,30987.25,5314.39,23282.65,62437.2,21956.8,8460.4,50915.9,19901.86,38900.66,25424.2,1197.15,29142.26,28187.6,24069.8,33957.59,26767.61,26042.01,17442.78,48356.7,28316.41,28372.6,22461.71,30372.35,48487.82,45335.7,23415.19,31362.54,31524.7,29570.9,45117.2,1791.01,32203.87,62242.56,28372.6,26586.19,26756.61,15876.86,8112.32,47091.56,21061.36,24955.28,43979.67,44831.35,18939.83,49835.57,13058.58,23282.65,21829.98,49495.99,34804.84,37727.13,43310.23,10649.67,53083.85,24607.44
38876.84,44597.9,29517.35,26742.97,0.0,16854.81,16792.88,22885.17,25274.36,16127.05,37764.04,15607.34,15896.78,24989.66,12642.28,29270.69,50043.06,39349.18,12762.42,28537.4,15733.29,32547.95,16695.37,16668.42,37267.17,7494.79,28689.18,11568.16,30546.76,15733.29,7207.9,21722.23,22867.85,39382.04,36685.45,25482.05,25843.26,45732.3,11695.73,42297.03,26537.44,4789.57,45060.43,23650.27,21011.55,52598.06,17374.16,39637.27,21151.76,28614.39,2979.07,37805.57,8020.98,21282.89,21920.34,36333.43,36208.09,46678.36,4527.63,22465.53,25304.28,42534.35,39115.77,2979.07,7414.75,24354.1,16977.52,26915.23,26587.88,14616.78,1820.14,20281.17,21132.85,15975.45,22630.64,22414.56,22867.85,7273.34,26448.46,42799.59,33937.13,37699.7,27671.32,25878.92,7507.1
57007.85,26792.17,19450.31,15707.82,15395.32,0.0,7805.78,47793.2,15015.44,21323.05,26728.89,21127.82,32883.5,15596.3,36567.93,27018.02,32237.33,60955.26,36688.07,52081.8,9347.28,49534.67,19929.44,21446.57,30848.13,21899.21,46820.2,7546.04,47533.48,9347.28,20649.22,10410.61,7657.59,60368.45,18879.71,11411.6,51172.33,34697.15,28682.45,24491.3,15502.28,14502.07,27254.7,8444.74,18332.54,48351.71,10416.96,32238.07,38138.48,12691.35,16257.92,35552.91,20154.13,38269.61,35117.49,18527.7,24384.18,28872.63,14930.71,40596.54,15045.36,25225.51,60102.18,16257.92,11946.0,9149.99,122.71,12844.78,40029.21,5436.31,15210.58,33761.46,34968.97,21448.19,39617.36,7183.11,7657.59,26490.07,49570.77,27826.48,22102.07,25864.64,11015.33,42865.64,11399.85
64697.05,31209.77,27130.28,23387.79,16941.23,7794.69,0.0,48646.39,22695.41,31709.49,34408.86,31189.77,24079.16,23276.27,37421.12,34697.99,36654.93,65444.86,37541.26,40025.85,3708.14,40730.32,32277.8,32250.85,38528.09,13094.87,38015.85,5407.77,52023.07,3708.14,18981.39,18090.57,5053.88,64858.05,23297.31,19091.56,39116.38,52764.05,19878.1,28908.9,23182.25,12834.25,31672.3,4219.79,12541.88,52769.32,4777.82,39918.04,29334.13,5257.58,14590.09,43232.88,11251.1,29465.27,22267.57,22945.3,28801.78,33290.23,13262.89,31792.19,22725.33,29643.11,64591.78,14590.09,10611.82,10996.88,7917.4,20524.74,38361.38,2369.48,18235.12,16281.78,16638.92,31557.88,30813.02,14863.08,5053.88,27343.26,37514.81,29153.83,20291.37,24053.94,18695.29,42772.16,10284.68
24911.02,69318.71,39130.3,41316.91,20071.43,48975.84,49241.96,0.0,38433.49,21874.71,48154.85,22647.41,25180.65,38148.79,9986.93,37024.31,74763.87,25383.36,10107.07,44829.69,35357.71,33536.34,24449.0,22416.07,45020.8,26584.87,14723.36,40970.27,27443.99,35357.71,15680.56,36296.17,47588.66,25357.68,61406.25,40055.99,43920.21,55142.42,23991.7,67017.84,41111.37,22689.41,69781.24,48371.08,40647.15,67171.99,36998.59,47390.89,29067.93,53335.2,22747.25,42281.34,28930.54,30416.18,33294.16,61054.24,60928.89,71399.17,24311.71,14168.3,38463.41,67255.16,25163.04,22747.25,25314.59,49074.91,49098.55,41489.17,7828.94,46872.48,20336.11,39916.77,40768.45,21723.1,35654.83,41970.41,47588.66,26247.82,42740.74,67520.41,58657.93,62420.5,42245.25,35891.69,25406.94
58716.67,20073.06,4946.98,1532.95,24323.3,14683.42,22360.1,38401.41,0.0,17402.56,12554.02,17207.33,42030.98,1092.97,29886.13,12514.69,30133.23,70102.74,30006.27,50754.64,23901.61,58682.15,14195.97,17526.08,16673.26,31046.69,48529.01,22699.71,56680.96,23901.61,29916.52,4243.65,22211.92,59625.36,22577.23,7389.67,49845.17,20522.28,37829.92,26044.63,1327.41,28071.52,28808.03,22999.06,32886.86,27388.04,24971.28,18063.2,47285.96,27245.68,27301.86,21049.58,29301.62,47417.09,44264.97,24035.62,31982.96,32145.13,28500.16,42305.35,378.89,32824.29,59430.72,27301.86,25515.45,23515.14,14806.13,8822.85,44279.72,19990.63,23884.54,42908.94,43760.62,17527.71,48764.84,11987.84,22211.92,20759.25,48425.25,35425.27,36656.39,40418.96,9578.93,52013.12,23536.7
42165.77,53237.81,18256.75,19092.25,14834.73,21688.29,33161.06,21850.51,17559.94,0.0,27281.29,920.25,31598.99,17275.24,13335.23,16150.76,58682.97,42638.11,13455.38,52583.34,35535.96,45238.64,3575.45,688.91,24147.25,32875.39,31978.11,24889.37,39230.95,35535.96,22098.89,19220.33,31507.77,43074.46,45325.36,22980.15,42274.37,34268.86,39658.62,50936.95,18886.71,19623.8,53700.34,32290.19,45468.02,44947.34,35772.24,26517.34,34324.36,37254.31,17813.29,24145.8,31130.31,35672.62,46093.66,44973.34,44848.0,55318.28,30624.22,25754.46,17589.86,51174.26,42879.82,17813.29,27639.51,32994.02,21811.0,24413.33,27728.82,30791.59,14395.98,44737.63,45589.32,147.38,39061.75,24894.57,31507.77,9331.95,50253.95,51439.51,42577.04,46339.61,25169.42,42310.02,27646.02
68400.6,24724.64,12963.92,11903.73,36403.81,26763.93,34440.61,48085.34,12677.48,26959.23,0.0,26854.33,54111.49,13514.88,39570.06,11458.12,35992.14,68872.93,39690.2,62835.15,35982.11,70762.66,23752.64,27173.08,9565.01,43127.2,58212.94,34780.22,68761.47,35982.11,41997.03,16324.16,34292.42,69309.29,31316.29,19791.83,61925.68,7058.07,49910.43,34783.68,12206.92,40152.03,36690.31,35079.57,44967.37,20455.87,37051.79,7963.61,59366.47,39326.18,39382.37,20768.76,41382.12,59497.6,56345.48,32510.25,40457.6,38979.73,40580.67,51989.28,12800.79,41298.93,69114.65,39382.37,37595.96,46149.57,26886.63,18358.35,53963.65,32071.14,35965.05,54989.45,55841.13,27084.38,60845.35,24068.35,34292.42,33565.09,60505.76,43899.9,50743.2,52405.29,22824.25,64093.63,35617.21
43056.01,52614.75,18085.16,18535.6,14211.67,21131.63,32537.99,22740.75,17003.28,614.9,27109.7,0.0,32489.22,16718.58,14225.47,15979.17,58059.9,43528.34,14345.61,51960.27,34912.9,46128.88,3018.79,370.23,23975.65,32252.32,32868.35,24266.3,40121.19,34912.9,22989.13,18663.67,30884.7,43964.7,44702.29,22423.49,51050.8,34097.27,39035.55,50313.88,18330.06,19000.73,53077.27,31667.12,44844.95,44390.68,35149.17,26345.75,35214.6,36631.24,17190.23,23418.04,30507.24,48622.72,45470.6,44350.27,44224.93,54695.21,30001.15,26644.69,17033.2,50551.2,43770.06,17190.23,27016.44,32370.95,21254.34,23856.67,28619.06,30168.52,13772.91,44114.57,44966.25,762.27,49970.47,24337.91,30884.7,8708.88,49630.88,50816.44,41953.97,45716.54,24612.76,53218.75,27022.95
28293.73,53441.7,46666.77,42924.29,15674.52,33098.83,23689.74,25493.33,42231.9,43497.91,53945.35,42978.2,0.0,42812.77,18629.47,56641.55,58886.86,29041.54,18616.95,13610.4,20028.06,17620.94,44066.23,44039.28,58064.59,11255.22,21643.56,20701.28,15619.76,20028.06,12745.46,37627.07,31711.65,28454.73,45529.24,38628.06,10916.26,74995.98,4569.83,51140.83,42718.75,12820.28,53904.23,32494.07,16972.68,75001.24,20720.41,67008.13,6224.76,25514.6,14038.52,65176.43,13600.89,6355.89,8354.38,45177.23,45051.88,55522.16,13870.28,14907.76,42261.82,51378.15,28188.46,14038.52,14370.01,33197.9,33221.54,40061.24,28746.81,23749.9,15924.76,20558.97,21410.65,43346.3,7703.64,40167.21,31711.65,21377.96,11521.45,51643.39,42780.92,46543.49,43310.19,10951.91,14462.36
58221.88,21007.93,5101.7,2467.82,23624.09,15348.32,23025.0,37906.61,935.5,16907.77,13488.89,16712.54,42695.88,0.0,29391.33,12669.41,31068.1,58694.21,29511.48,51419.54,24566.51,59347.05,13701.17,17031.29,17608.13,31711.59,48034.22,23364.61,57345.86,24566.51,29217.31,4908.55,22876.81,59130.57,23512.1,8054.57,50510.07,21457.15,38494.82,26979.49,2262.28,28736.42,29742.89,23663.96,33551.76,28322.9,25636.18,18998.07,47950.86,27910.58,26602.65,21204.29,29966.51,48081.99,44929.87,24970.48,32917.83,33079.99,29165.06,41810.56,965.42,33759.16,58935.93,26602.65,26180.35,24180.04,15471.03,9487.75,43784.93,20655.53,23185.33,43573.84,44425.52,17032.91,49429.74,12652.74,22876.81,22910.76,49090.16,36360.13,37321.3,41083.87,10243.83,52678.02,24201.6
29840.12,59093.45,30734.83,32921.44,11675.95,38750.58,39016.7,10262.03,30038.02,13479.24,39759.37,14251.93,18264.01,29753.32,0.0,28628.84,64538.61,30312.45,120.14,31633.53,28441.07,32912.98,16053.52,14020.6,36625.32,19668.23,19652.46,30745.0,26905.3,28441.07,8763.92,27900.69,37363.4,30345.32,51180.99,31660.51,28939.39,46746.94,17075.05,56792.58,32715.9,15772.76,59555.98,38145.82,33730.5,58776.52,30081.95,38995.42,20989.38,43109.94,15830.61,37050.47,22013.89,22337.64,26377.52,50828.98,50703.63,61173.91,17395.06,13428.8,30067.94,57029.9,30079.04,15830.61,18397.94,38849.65,38873.29,33093.69,16609.93,36647.22,11940.64,33000.12,33851.8,13327.63,25726.77,33574.93,37363.4,15187.58,29544.59,57295.14,48432.67,52195.24,33849.78,28975.04,18490.29
56858.86,35718.16,7226.1,13557.51,27526.14,26699.85,34376.53,36543.61,12025.19,15417.49,11634.32,15312.6,56551.09,12254.43,28028.32,0.0,46985.67,57331.2,28148.47,65274.75,35918.04,59931.73,12210.9,15631.35,8500.27,45566.79,46671.21,37580.77,53924.04,35918.04,33119.36,16260.08,44199.18,57767.56,42309.81,19406.1,64365.27,18621.89,52350.03,45777.21,13351.97,32315.21,47683.83,44981.59,58159.43,32019.69,36987.71,10870.37,61806.06,39262.11,30504.7,9038.68,43821.72,61937.2,58785.07,43503.77,51451.12,49973.25,43315.63,40447.55,12055.11,52292.45,57572.91,30504.7,40330.92,35531.57,26822.55,20839.28,42421.91,32007.06,27087.38,57429.04,58280.72,15542.64,63284.95,24004.27,44199.18,22023.35,62945.36,54893.43,55268.45,59031.02,21595.36,66533.22,40337.43
104866.5,11294.18,40205.25,30676.63,53236.27,36060.41,39734.56,77703.09,31450.38,60766.18,35889.86,60246.46,62793.38,32287.78,66477.8,47772.96,0.0,105614.3,66597.95,80195.3,41276.06,79444.55,45390.78,61307.54,47621.05,51809.09,76730.07,40596.75,92192.52,41276.06,55276.43,32035.21,37370.17,105027.5,13098.93,28282.14,79285.83,33625.04,58592.32,7988.71,30979.83,49129.29,7095.31,38157.32,62438.53,33630.31,42345.74,43839.16,68048.36,44620.13,50885.13,56307.85,50064.02,68179.49,65027.37,14113.02,25671.12,6816.36,49557.93,70506.41,31573.7,26512.45,104761.23,50885.13,46573.21,31363.09,36001.52,26848.66,84888.28,37365.09,53486.51,63671.34,63082.46,60614.57,69527.24,28716.93,37370.17,56399.95,77684.26,29113.42,35956.71,37618.8,28085.56,82941.6,46579.72
1083.48,97212.48,60175.97,71505.79,35626.59,61680.33,66587.09,25389.98,59479.16,42920.38,69200.52,43693.07,29228.16,59194.46,29706.1,58069.98,100946.27,0.0,29693.57,31000.7,48609.57,16652.82,45494.67,43461.74,66066.47,39836.72,10665.61,49282.78,13615.01,48609.57,29674.32,66208.57,60293.16,1062.46,74110.75,67209.56,30091.23,118766.76,33151.33,93200.24,71300.25,41401.79,95963.64,61075.58,55284.86,118772.03,48978.79,68436.56,26288.91,61596.66,38029.52,66491.61,42182.39,24645.07,32580.98,88948.01,73664.97,97531.2,42451.79,16888.3,59509.08,72030.81,796.19,38029.52,42951.52,71401.02,61803.04,68642.74,19599.96,52331.4,35891.27,40606.7,43011.73,42768.77,21825.85,68748.72,60293.16,41344.48,28911.76,72296.06,63433.59,68172.89,71891.7,28494.36,43043.86
29719.97,59601.98,31243.37,33429.97,13248.23,39259.11,39525.23,10679.32,30546.55,13987.77,40267.91,14760.47,18143.86,30261.85,600.54,29137.38,65047.14,30192.31,0.0,31513.38,28320.93,32792.84,16562.06,14529.13,37133.86,19548.08,19532.31,22431.21,26785.15,28320.93,8643.77,28409.23,37871.94,30225.17,51689.53,32169.05,28819.24,47255.48,16954.91,57301.12,33224.43,15652.62,60064.52,38654.36,33610.36,59285.06,29961.8,39503.96,20869.24,43618.48,15710.46,37559.0,21893.75,22217.5,26257.37,51337.51,51212.17,61682.45,17274.92,13308.66,30576.47,57538.43,29958.9,15710.46,18277.8,39358.19,39381.82,33602.23,16489.78,37155.76,13512.91,32879.98,33731.66,13836.16,25606.63,34083.47,37871.94,15696.12,29424.44,57803.68,48941.21,52703.78,34358.31,28854.9,18370.14
30373.12,71337.08,55434.3,51691.82,28412.27,52810.29,40711.68,44413.92,50999.43,52265.45,62712.88,51745.73,13449.52,51580.3,31375.46,65409.08,75070.86,31120.92,31362.94,0.0,24996.96,22110.69,52833.77,52806.81,66832.13,23992.97,29774.46,29468.81,17699.14,24996.96,25491.45,46394.6,46806.91,30534.11,64768.58,47395.59,1014.51,92891.35,17307.58,67324.84,51486.28,25558.03,70088.23,47589.33,29409.46,92896.62,26514.14,75775.66,15277.15,35721.25,26776.27,73943.97,22357.25,13633.31,6095.59,63072.61,47789.56,71655.8,26608.03,29911.45,51029.36,46155.41,30267.84,26776.27,27107.77,45525.61,52932.99,48828.77,40120.35,42709.16,28662.51,14121.3,17136.32,52113.84,11226.58,59878.67,46806.91,34115.71,2426.36,46420.65,37558.18,42297.48,60989.61,4668.26,27200.11
44723.73,32780.14,28700.65,24958.16,15790.66,9365.07,3689.34,34508.36,24265.78,33279.86,35979.23,32760.14,20599.38,24846.64,27644.5,36268.36,38225.3,48671.13,27631.97,25277.46,0.0,37250.54,33848.18,33821.22,40098.47,9615.09,34536.07,6624.48,35249.36,0.0,18831.08,19660.95,6441.88,48084.33,24867.69,20661.94,24367.99,54334.42,16398.32,30479.27,24752.62,11346.11,33242.67,5607.78,9584.12,54339.69,1668.54,41488.41,25854.36,5514.19,13446.84,44803.25,7771.32,25985.49,18787.79,24515.67,23199.81,34860.61,12396.11,28312.41,24295.7,29526.07,47818.05,13446.84,10178.39,12567.25,9487.77,22095.12,38211.07,3939.86,16040.9,16222.06,13681.16,33128.25,27333.24,16433.45,6441.88,28913.64,22948.08,29791.31,20928.85,24691.42,20265.67,30581.51,14239.04
17722.17,70680.09,63905.16,60162.67,32912.91,50337.21,40928.13,32672.13,59470.29,45561.14,71183.74,46333.84,17885.04,60051.15,32346.86,73879.94,76125.24,16638.7,32334.33,23725.09,37266.45,0.0,61304.62,46102.5,75302.98,28493.61,18032.67,37939.66,6232.27,37266.45,29926.97,54865.46,48950.04,17701.15,62767.63,55866.45,22815.62,92234.36,21808.21,68379.22,59957.13,30058.67,71142.62,49732.46,48009.26,92239.63,37635.67,84246.52,14945.79,54321.05,31276.91,69132.37,30839.27,13301.95,25305.38,62415.61,66389.36,72760.55,31108.67,19529.06,59500.21,64755.21,17434.88,31276.91,31608.4,50436.29,50459.93,57299.63,28378.57,40988.29,33163.14,33331.09,35736.12,45409.53,10482.73,57405.6,48950.04,38616.35,21636.15,65020.45,56157.98,60897.28,60548.58,21218.75,31700.75
44734.73,34056.92,14681.3,15516.81,15402.01,19869.28,33728.34,24419.47,13984.49,3293.36,23705.85,3098.14,44426.96,13699.79,15904.19,12575.31,44117.09,45207.07,16024.34,53150.62,36103.24,47807.6,0.0,3416.89,20571.8,33442.66,34547.07,25456.65,41799.91,36103.24,20995.23,17401.32,32075.04,45643.43,45892.64,20676.41,52241.14,30693.42,40225.9,40028.48,15311.27,20191.08,42791.88,32857.46,46035.29,41371.89,36339.52,22941.9,49681.93,37821.59,18380.57,21110.2,31697.59,49813.07,46660.94,45540.62,45415.28,55885.55,31191.5,28323.42,14014.41,51741.54,45448.79,18380.57,28206.79,33561.29,19991.99,22109.59,30297.78,31358.87,14963.25,45304.91,46156.59,3418.51,51160.82,23075.56,32075.04,9899.22,50821.23,52006.79,43144.32,46906.89,22865.67,54409.09,28213.3
42410.44,53482.48,18530.35,18980.79,15079.41,21576.82,33405.73,22095.18,17448.47,244.67,27554.89,496.66,31843.66,17163.77,13579.9,16424.36,58927.64,42882.78,13700.05,52828.01,35780.64,45483.31,3463.98,0.0,24420.84,33120.06,32222.79,25134.04,39475.63,35780.64,22343.56,19108.86,31752.44,43319.14,45570.03,22868.68,42519.04,34542.46,39903.29,51181.62,18775.25,19868.47,53945.01,32534.86,45712.69,44835.87,36016.91,26790.94,34569.04,37498.98,18057.97,23658.31,31374.98,35917.29,46338.34,45218.01,45092.67,55562.95,30868.89,25999.13,17478.39,51418.93,43124.5,18057.97,27884.18,33238.69,21699.53,24301.86,27973.49,31036.26,14640.65,44982.3,45833.99,392.05,39306.42,24783.1,31752.44,9576.62,50498.62,51684.18,42821.71,46584.28,25057.95,42554.7,27890.69
65162.72,35908.35,15529.95,16010.9,35830.0,30871.1,38547.78,44847.46,16784.65,23721.35,9565.01,23616.45,58218.66,17622.05,36332.18,8619.76,47175.85,65635.05,36452.32,66942.32,40089.28,74869.83,20514.76,23935.2,0.0,47234.37,54975.06,38887.39,72868.64,40089.28,41423.22,20431.33,38399.59,66071.41,42499.99,23899.0,66032.85,14308.12,54017.6,45967.39,16314.1,44259.2,47874.02,39186.74,49074.54,25083.23,41158.96,4402.3,63473.64,43433.35,38808.56,12473.32,45489.29,63604.77,60452.64,43693.96,51641.3,50163.43,44687.84,48751.4,16907.96,52482.64,65876.77,38808.56,41703.13,41109.82,30993.8,22465.53,50725.77,36178.31,35391.24,59096.62,59948.3,23846.49,64952.52,28175.52,38399.59,30327.21,64612.93,55083.61,61926.9,63589.0,25766.61,68200.8,39724.38
36003.79,43265.57,36490.64,32748.15,8044.2,22922.7,13513.61,25788.42,32055.77,33321.79,43769.22,32802.07,11879.44,32636.63,18924.56,46465.42,48710.73,39951.2,18912.04,24520.06,9851.93,28530.61,33890.1,33863.15,47888.46,0.0,25816.13,10525.15,26529.42,9851.93,10111.15,27450.94,21535.52,39364.39,35353.11,28451.93,21825.92,64819.84,7678.38,40964.7,32542.62,3599.65,43728.1,22317.94,15141.36,64825.11,11492.81,56832.0,17134.42,15338.47,5700.38,55000.3,2231.65,17265.55,15767.01,35001.1,34875.75,45346.03,4649.65,19592.47,32085.69,41202.02,39098.12,5700.38,5149.38,23021.77,23045.41,29885.11,29491.14,13573.77,8294.44,14410.98,15262.66,33170.18,18613.3,29991.08,21535.52,28955.56,19927.3,41467.26,32604.79,36367.36,33134.06,21861.58,5241.73
10188.63,67957.05,49511.32,51697.93,24961.95,47614.18,38205.09,14725.33,48814.51,32255.73,58535.87,33028.43,20431.65,48529.81,19041.46,47405.34,73402.21,10660.96,19028.93,30192.2,34543.41,18898.86,34830.02,32797.09,55401.82,25770.57,0.0,35216.63,12806.5,34543.41,19009.67,46677.19,46227.0,10693.82,60044.59,53143.41,29282.73,65523.44,22057.37,65656.18,51492.39,27307.03,68419.58,47009.42,39832.85,89516.59,36184.29,57771.92,17602.2,40029.95,27364.88,55826.96,28116.24,18950.46,31772.48,59692.58,59567.23,70037.52,28385.63,6223.66,48844.43,71222.31,10427.55,27364.88,28885.37,47713.25,47736.89,54576.59,10431.77,38265.25,25226.63,39798.2,42203.22,32104.12,21017.34,54682.57,46227.0,30679.83,28103.25,71487.55,62625.09,67364.38,57825.54,27685.85,28977.71
45674.07,34772.29,27523.49,23781.0,11697.25,7546.04,5411.63,41765.42,23088.62,24828.51,34802.07,24308.79,21549.72,23669.48,30540.14,37972.14,40217.45,49621.48,30660.29,30273.38,6424.46,38200.89,25396.83,25369.87,38921.31,10565.43,35486.41,0.0,36199.7,6424.46,13737.42,18483.79,13042.25,49034.68,26859.84,19484.78,29363.91,56326.57,17348.67,32471.42,23575.46,7590.27,35234.82,8475.24,23158.06,56331.84,7494.13,40311.25,26804.7,10297.21,9346.11,46507.03,8820.36,26935.83,23783.71,26507.82,26382.48,36852.76,8018.91,29262.76,23118.54,32708.74,48768.41,9346.11,5367.84,14528.5,7668.75,20917.96,33117.4,3235.53,12991.14,22427.68,23279.36,24676.9,28283.59,13839.84,13042.25,20462.29,27944.0,32973.99,24111.52,27874.09,17672.06,31531.86,5040.71
14211.8,83897.98,61933.78,58191.29,30941.52,48365.83,53272.59,27045.97,57498.91,39605.45,69212.35,40378.15,15913.66,58079.77,26391.18,54755.05,87631.77,14959.6,26378.65,17686.2,35295.07,6092.36,42179.74,40146.82,73331.59,26522.22,12406.51,35968.28,0.0,35295.07,22620.1,52894.07,46978.66,14372.79,60796.25,53895.06,16776.73,105452.26,19836.83,79885.74,57985.75,28087.28,82649.14,47761.08,41970.36,105457.52,35664.29,65121.64,12974.41,48282.16,29305.53,63176.68,28867.89,11330.57,19266.48,75633.51,60350.47,84216.7,29137.29,13573.38,57528.83,58716.32,14106.52,29305.53,29637.02,58086.52,48488.54,55328.24,22752.4,39016.9,31191.76,27292.2,29697.22,39453.84,8511.35,55434.22,46978.66,36644.97,15597.26,58981.56,50119.09,54858.39,58577.2,15179.85,29729.37
44723.73,32780.14,28700.65,24958.16,15790.66,9365.07,3689.34,34508.36,24265.78,33279.86,35979.23,32760.14,20599.38,24846.64,27644.5,36268.36,38225.3,48671.13,27631.97,25277.46,0.0,37250.54,33848.18,33821.22,40098.47,9615.09,34536.07,6624.48,35249.36,0.0,18831.08,19660.95,6441.88,48084.33,24867.69,20661.94,24367.99,54334.42,16398.32,30479.27,24752.62,11346.11,33242.67,5607.78,9584.12,54339.69,1668.54,41488.41,25854.36,5514.19,13446.84,44803.25,7771.32,25985.49,18787.79,24515.67,23199.81,34860.61,12396.11,28312.41,24295.7,29526.07,47818.05,13446.84,10178.39,12567.25,9487.77,22095.12,38211.07,3939.86,16040.9,16222.06,13681.16,33128.25,27333.24,16433.45,6441.88,28913.64,22948.08,29791.31,20928.85,24691.42,20265.67,30581.51,14239.04
29197.33,46817.21,33914.2,31139.83,5952.31,26474.34,19012.19,15677.31,29671.21,22022.69,42160.89,22795.38,12488.84,29386.51,8813.45,33667.54,52262.37,29669.66,8800.92,25858.36,19677.19,29868.91,21092.22,22564.05,41664.02,10904.34,19009.67,13787.47,22523.33,19677.19,0.0,26119.08,25087.16,29702.53,38904.75,29878.9,23164.22,50129.16,8397.01,44516.34,30934.29,7008.88,47279.73,25869.58,24966.62,68376.75,21318.06,44034.12,15214.22,25163.72,7066.72,45593.92,13250.01,16562.47,18621.62,38552.73,38427.39,48897.67,8631.18,12786.01,29701.13,44753.66,29436.26,7066.72,9634.06,26573.41,26597.04,31312.08,19380.02,16836.09,6216.99,24236.24,25087.92,21871.07,19951.6,26811.41,25087.16,11670.19,23769.42,45018.9,36156.43,39919.0,32068.17,23199.88,9726.41
61912.22,21962.83,9040.25,5297.76,20356.66,10440.31,18116.99,36175.88,4605.38,18864.12,16318.83,18668.9,37787.87,5186.24,27660.6,16607.96,32023.0,65859.63,27780.75,46511.53,19658.5,54439.04,17470.52,18987.65,20438.07,26803.58,51724.56,18456.6,52437.85,19658.5,25949.88,0.0,17968.8,65272.82,22850.22,4036.84,45602.06,24287.09,33586.81,27934.39,5092.22,23828.41,30697.79,18755.96,28643.75,31152.85,20728.17,21828.01,43042.85,23002.57,23335.22,25142.85,25058.5,43173.98,40021.86,22570.65,27555.23,34034.89,24257.05,45500.91,4635.3,28396.56,65006.55,23335.22,21272.34,19272.03,10563.02,5470.02,42054.19,15747.52,19917.91,38665.83,39517.51,18989.27,44521.73,7744.73,17968.8,16792.61,44182.14,30997.53,32413.29,36175.86,6226.1,47770.01,19293.59
70119.78,28534.17,26861.81,23119.32,21820.74,7526.23,5018.87,46287.55,22426.94,29350.64,34140.39,28830.93,31377.85,23007.8,35062.27,42494.28,33979.33,70867.58,35182.42,45448.57,6329.44,61857.35,29918.96,29892.01,38259.63,20393.56,45314.54,12407.54,57445.8,6329.44,23860.9,17822.1,0.0,70280.77,20621.72,18823.1,44539.1,50088.45,27176.79,26233.3,22913.78,17713.75,28996.7,1015.94,14118.12,50093.72,7399.12,39649.57,36632.83,6833.81,19469.6,51029.16,18648.48,36763.96,33611.84,20269.7,17739.8,30614.63,18142.39,39090.88,22456.86,24066.07,70014.5,19469.6,15157.68,7023.41,7648.93,20256.27,53472.75,6182.97,22070.98,17858.01,28335.74,29199.04,38111.71,14594.61,0.0,24984.42,42937.53,24331.31,15468.84,19231.41,18506.04,48194.88,15164.19
1116.34,96671.37,60376.41,62563.01,35659.46,58311.69,66045.98,25456.13,59679.59,43120.81,69400.95,43893.51,28687.05,59394.89,30538.03,58270.41,100405.16,1062.46,29726.44,30459.59,45240.92,17715.28,45695.1,43662.18,66266.9,36468.08,10698.48,45914.14,13073.89,45240.92,29707.18,57542.27,56924.52,0.0,70742.1,63840.92,29550.12,118225.65,32610.22,92659.13,62357.47,38004.54,95422.52,57706.93,54743.75,118230.91,48437.68,68637.0,25747.8,61055.54,38062.39,66692.05,38813.75,24103.96,32039.87,88406.9,73123.86,96990.09,39083.14,16921.17,59709.51,71489.7,266.27,38062.39,39582.88,70859.91,58434.4,65274.1,19373.95,48962.76,35924.14,40065.59,42470.61,42969.2,21284.73,65380.07,56924.51,41377.34,28370.64,71754.95,62892.48,67631.77,68523.05,27953.24,39675.22
70144.47,7170.56,35305.04,23213.27,36463.01,19287.14,22961.3,60929.82,23987.03,43992.91,30989.64,43473.2,46020.12,24824.42,49704.55,42872.75,13467.99,90745.84,49824.69,65326.83,24502.8,62671.29,44561.23,44534.28,42720.84,35035.83,59956.81,23823.48,77324.06,24502.8,38503.17,22859.34,20596.91,90159.03,0.0,20818.78,64417.36,28724.83,41819.06,5721.96,23516.47,32356.03,8485.36,21384.06,47570.06,28730.1,25572.48,38938.95,51275.1,27846.87,34111.87,51407.64,33290.75,51406.23,48254.11,1752.47,10802.65,11822.45,32784.66,53733.16,24110.34,11643.98,89892.77,34111.87,29799.95,14589.83,19228.26,19385.3,68115.02,20591.83,36713.25,46898.08,48214.0,43841.3,52753.98,17509.19,20596.91,39626.7,62815.8,14244.96,21088.25,22750.34,16877.83,68073.14,29806.46
62964.18,18270.38,12186.26,8443.77,24116.48,11492.27,19168.95,39935.7,7751.39,22623.94,19697.55,22428.72,38839.83,8332.25,31420.42,19753.97,28330.55,66911.59,31540.57,47563.49,20710.46,55491.0,20690.46,22747.47,23816.79,27855.54,52776.52,19508.56,53489.81,20710.46,29709.71,4036.84,19020.77,66324.78,20774.55,0.0,46654.02,23397.55,34638.77,24241.95,8238.24,24880.38,27005.35,19807.92,29695.71,28649.04,21780.13,25206.73,44094.81,24054.53,26636.22,28288.86,26110.46,44225.94,41073.82,22232.94,25560.51,30342.45,25309.01,46552.87,7781.31,26401.84,66058.52,26636.22,22324.3,18938.7,11614.98,1433.5,45814.01,16799.48,23677.73,39717.79,40569.47,22749.09,45573.7,7952.01,19020.77,20552.43,45234.11,29002.81,33465.25,37227.82,4231.39,48821.97,20345.55
27694.83,70807.95,56671.73,52929.24,25679.47,52281.17,40182.56,41735.63,52236.86,53502.87,63950.3,52983.15,10716.72,52817.72,28642.66,66646.5,74541.74,28442.63,28630.14,1012.97,30033.01,19432.4,54071.19,54044.23,68069.55,21260.17,27096.17,30706.23,15020.85,30033.01,22758.65,47632.02,46277.79,27855.82,64239.46,48633.01,0.0,92362.23,14574.78,66795.71,52723.7,22825.23,69559.11,47060.21,28880.34,92367.5,25985.02,77013.09,12598.86,35192.13,24043.47,75181.39,23605.84,10955.02,5566.47,62543.48,47260.44,71126.68,23875.23,27233.16,52266.78,45626.29,27589.55,24043.47,24374.97,44996.49,52403.88,50066.19,37442.06,33754.85,25929.71,13592.19,16607.2,53351.26,8548.29,59349.55,46277.79,31382.92,1897.24,45891.54,37029.07,41768.36,60460.49,3657.05,24467.31
117397.8,22469.45,20936.5,19859.92,44360.0,34720.12,52265.86,55072.91,20633.67,33946.8,7058.07,33841.91,75324.68,21471.07,46557.63,18445.7,33736.96,118145.6,46677.77,92726.59,53807.36,91975.84,30740.21,34160.66,14108.26,64340.39,89261.37,53128.04,104723.82,53807.36,49953.22,24280.36,49901.46,117558.8,29061.1,23397.55,91817.12,0.0,71123.62,32528.5,20163.12,61660.58,34435.12,50688.62,74969.82,10775.16,54877.03,11964.94,80579.66,57151.43,63416.43,23444.45,62595.31,80710.79,77558.66,30255.06,38202.41,36724.54,62089.22,83037.71,20756.98,39043.74,117292.52,63416.43,59104.51,43894.39,34842.83,21964.08,60951.22,49896.38,43921.24,76202.63,75613.76,34071.95,82058.54,28503.19,49901.46,40552.66,90215.55,41644.71,48488.0,50150.1,24825.36,95472.9,59111.02
32442.99,49764.47,42989.54,39247.05,11997.29,29421.6,20012.51,24036.42,38554.68,39820.69,50268.13,39300.97,5119.04,39135.54,17172.56,52964.32,55209.63,33190.8,17160.03,17759.66,16350.83,21770.21,40389.0,40362.05,54387.36,7577.99,22012.3,17024.05,19769.02,16350.83,8385.66,33949.84,28034.42,32603.99,41852.02,34950.83,15065.52,71318.74,0.0,47463.6,39041.52,9143.05,50227.0,28816.84,18105.51,71324.02,17536.57,63330.9,10374.02,21837.37,10361.29,61499.21,9923.66,10505.15,10715.97,41500.0,41374.66,51844.93,10193.05,16361.84,38584.59,47700.92,32337.72,10361.29,10692.79,29520.67,29544.31,36384.01,30200.89,20072.67,12247.53,17375.13,18226.81,39669.08,11852.9,36489.98,28034.42,17700.74,15670.71,47966.16,39103.7,42866.27,39632.96,15101.17,10785.13
92089.71,10582.29,38716.77,26625.01,42032.48,24856.61,28530.77,66499.29,27398.76,49562.38,34401.38,49042.66,51589.59,28236.16,55274.01,46284.48,7863.8,92837.52,55394.16,67418.51,30072.27,68240.76,50130.7,50103.75,46132.57,40605.3,65526.28,29392.95,79415.73,30072.27,44072.64,27983.59,26166.38,92250.71,5380.46,24230.51,66509.04,32136.57,47388.53,0.0,26928.21,37925.49,2881.17,26953.53,49661.74,32141.84,31141.95,42350.68,56844.57,33416.34,39681.34,54819.37,38860.22,56975.7,53823.57,6394.55,12894.33,6218.27,38354.13,59302.62,27522.07,13735.66,91984.44,39681.34,35369.42,20159.3,24797.73,22797.04,73684.48,26161.29,42282.71,52467.55,50305.67,49410.77,58323.45,24665.3,26166.38,45196.16,64907.47,16336.63,23179.92,24842.02,24033.94,70164.81,35375.93
61538.82,19737.26,6369.42,1197.15,25404.35,15764.47,23441.15,41223.57,1678.02,18825.0,12218.22,18629.77,43112.03,2515.42,32708.29,13937.13,29797.43,71183.79,32828.43,51835.69,24982.65,59763.2,15618.41,18948.53,16337.46,32127.74,51351.17,23780.76,57762.01,24982.65,30997.57,5324.7,23292.96,62447.52,22241.43,8470.71,50926.22,20186.48,38910.97,25708.83,0.0,29152.57,28472.22,24080.11,33967.91,27052.24,26052.33,17727.4,48367.01,28326.72,28382.91,22472.02,30382.66,48498.14,45346.02,23699.81,31647.16,31809.32,29581.21,45127.51,1801.33,32488.49,62252.88,28382.91,26596.5,24596.19,15887.17,8396.94,47101.88,21071.68,24965.59,43989.98,44841.67,18950.15,49845.89,13068.89,23292.96,21840.29,49506.3,35089.46,37737.44,43594.85,10659.98,53094.16,24617.75
37272.53,40772.29,33708.04,29965.55,4733.72,20429.42,12967.27,22439.18,29273.17,19290.87,40986.62,18771.16,13264.71,28153.47,15575.32,32434.5,46217.45,41336.46,15562.8,25905.33,11488.91,29915.87,19859.19,19832.23,45105.86,3250.41,27084.87,7742.55,27914.69,11488.91,6761.91,24668.34,19042.24,37777.73,32859.84,25669.33,23211.19,62326.57,9063.65,38471.42,29760.02,0.0,41234.82,19824.66,16767.17,62331.84,13129.78,42801.09,18519.69,24788.78,2899.77,40969.39,3787.51,18650.82,17392.82,32507.82,32382.47,42852.75,2586.26,20861.21,29303.09,38708.74,37511.45,2899.77,3589.14,20528.49,20552.13,27102.51,26141.9,10791.17,4983.96,16036.79,16888.47,19139.26,19998.57,21590.85,19042.24,10437.16,23816.38,38973.98,30111.51,33874.09,26920.78,23246.84,3681.49
96464.9,11999.31,40910.39,31000.19,46407.66,29231.79,32905.95,70874.47,31773.94,53937.57,36594.99,53417.85,55964.77,32611.34,59649.2,48478.1,7102.28,97212.7,59769.34,71793.69,34447.45,72615.94,54505.88,54478.93,48326.19,44980.48,69901.46,33768.13,83790.92,34447.45,48447.82,32358.77,30541.56,96625.89,9755.65,28605.7,70884.22,34330.18,51763.71,4645.43,31303.39,42300.68,0.0,31328.71,54036.92,34335.45,35517.13,44544.29,61219.75,37791.52,44056.52,57012.98,43235.4,61350.88,58198.76,10769.74,17269.51,4307.97,42729.31,63677.8,31897.25,18110.84,96359.63,44056.52,39744.6,24534.48,29172.91,27172.22,78059.67,30536.48,46657.9,56842.73,54680.86,53785.96,62698.63,29040.48,30541.56,49571.34,69282.66,20711.81,27555.1,29217.2,28409.12,74540.0,39751.11
70811.46,29353.06,27680.69,23938.21,22639.62,8345.11,4175.31,47106.44,23245.82,30169.53,34959.27,29649.81,32196.74,23826.69,35881.16,43313.16,34798.22,71559.27,36001.3,46140.26,5485.88,62549.04,30737.85,30710.89,39078.51,21212.45,46133.43,8426.9,58137.48,5485.88,24679.79,18640.99,1006.47,70972.46,21440.6,19641.98,45230.79,50907.34,27995.68,27052.19,23732.67,18532.64,29815.59,0.0,13274.55,50912.61,6555.56,40468.46,37451.71,5990.25,20288.48,51848.05,19467.37,37582.85,34430.73,21088.59,18431.49,31433.52,18961.28,39909.77,23275.75,24757.75,70706.19,20288.48,15976.57,7842.3,8467.82,21075.16,54291.64,5388.62,22889.86,17014.45,17371.6,30017.92,38930.6,15413.5,1006.47,25803.31,43629.22,25023.0,16160.53,19923.1,19324.93,48886.56,15983.08
44619.93,53602.63,37749.83,34007.34,20873.88,18414.25,12310.63,39604.52,33314.96,45276.93,45028.41,44757.21,17193.92,33895.82,32740.66,58420.56,57336.41,45367.73,32728.13,19585.78,9726.8,36357.51,45845.24,45818.29,49147.65,14711.25,44021.27,22480.29,31945.96,9726.8,23927.24,28710.13,14948.39,44780.93,47034.13,29711.12,18676.31,75156.9,17743.75,49590.38,33801.8,16429.33,52353.78,14114.3,0.0,75162.17,8193.52,50537.59,22448.9,12487.68,18530.06,66955.45,15368.73,22580.03,13997.38,45338.15,30055.11,53921.35,17479.33,33408.57,33344.88,28420.96,44514.66,18530.06,17979.06,27791.16,18536.96,31144.3,43307.23,12989.04,21124.12,3796.7,4153.84,45125.32,25473.39,25482.63,14948.39,40910.7,17437.69,28686.2,19823.73,24563.03,29314.85,22695.03,18071.41
118968.55,24040.21,27725.4,26648.82,51148.91,50162.46,53836.61,66968.13,27422.57,44569.56,20389.93,44374.33,76895.43,28259.97,58452.84,31777.54,35307.71,119716.36,58572.99,94297.34,55378.11,93546.59,41362.96,44693.08,24825.6,65911.14,90832.13,54698.8,106294.58,55378.11,69378.48,31069.26,51472.22,119129.55,30631.85,28572.18,93387.88,10717.4,72694.38,34099.25,26952.02,63231.34,36005.88,52259.37,76540.58,0.0,56447.79,22682.29,82150.41,58722.18,64987.18,34161.8,64166.06,82281.54,79129.42,31825.82,39773.16,38295.29,63659.98,84608.47,27545.88,40614.49,118863.28,64987.18,60675.27,45465.14,50103.57,27138.71,72846.43,51467.14,50710.15,77773.39,77184.51,44694.7,83629.3,34459.95,51472.22,47584.85,91786.3,43215.47,50058.76,51720.86,29999.99,97043.66,60681.77
50833.91,33808.17,29728.68,25986.19,17267.95,10393.1,4117.12,35985.65,25293.81,34307.89,37007.26,33788.17,21009.47,25874.67,29121.79,37296.39,39253.33,51581.72,29109.26,26710.29,1705.65,37660.64,34876.2,34849.25,41126.5,11092.38,36013.36,7652.51,38159.94,1705.65,20308.37,20688.98,6754.88,50994.91,25895.72,21689.97,25800.82,55362.45,17875.61,31507.3,25780.65,12823.4,34270.7,5920.78,8116.93,55367.72,0.0,42516.44,26264.45,4294.16,14924.13,45831.28,9248.61,26395.58,20511.56,25543.7,21679.02,35888.64,13873.4,29789.7,25323.73,25034.56,50728.64,14924.13,11206.42,13595.28,10515.8,23123.15,39688.36,4967.89,17518.19,11856.83,12213.98,34156.28,27743.33,17461.48,6754.88,29941.67,24380.91,25299.8,17354.4,22617.9,21293.7,28854.51,12529.43
67226.71,32885.11,17593.95,17549.54,37893.99,32409.73,40086.42,46911.45,18323.29,25785.34,8174.78,25680.45,66918.94,19160.69,38396.17,10683.76,44152.61,67699.05,38516.32,75642.59,41627.92,70299.58,22578.75,25999.2,4317.44,55934.64,57039.05,40426.03,64291.89,41627.92,43487.21,21969.97,39938.23,68135.41,39476.75,25437.64,74733.13,12180.72,62717.88,42944.15,17852.73,42683.06,44850.78,40725.38,50613.18,22955.83,42697.6,0.0,72173.91,44971.99,40872.55,11479.54,54189.57,72305.05,69152.92,40670.72,48618.07,47140.19,46226.48,50815.4,18446.6,49459.39,67940.77,40872.55,43241.77,42648.46,32532.44,24004.16,52789.76,37716.95,37455.23,67796.89,68648.57,25910.49,73652.8,29714.16,39938.23,32391.2,73313.21,52060.37,58903.66,60565.76,27305.25,76901.07,41263.02
25490.14,59225.65,52450.72,48708.24,21458.47,38882.78,29473.69,29047.02,48015.86,34318.02,59729.3,35090.71,6430.61,48596.71,21108.78,62425.5,64670.81,26237.94,21096.25,16293.41,25812.01,14817.35,49850.18,34859.38,63848.54,17039.17,17579.32,26485.23,12816.16,25812.01,15224.76,43411.02,37495.61,25651.13,51313.2,44412.01,13599.27,80779.92,10353.78,56924.78,48502.7,18604.23,59688.18,38278.02,22433.51,80785.2,26181.24,72792.09,0.0,31298.55,19822.47,70960.38,19384.84,1643.88,13815.21,50961.18,50835.84,61306.11,19654.23,15120.0,48045.78,57162.1,25384.86,19822.47,20153.96,38981.85,39005.49,45845.19,27925.22,29533.85,21708.71,26019.8,26871.48,34166.41,4900.04,45951.16,37495.61,27161.92,14204.47,57427.34,48564.88,53465.6,49094.14,13634.93,20246.31
59698.58,34417.78,32064.91,28322.42,21978.0,12729.32,5306.64,54322.13,27630.04,37385.22,39343.48,36865.5,22908.52,28210.9,43096.85,39632.62,39862.94,60446.38,43216.99,35027.38,5628.34,51436.16,37953.54,37926.58,43462.72,15815.37,59099.92,10342.4,47024.61,5628.34,25031.36,23025.2,6984.57,59859.58,26505.33,24026.19,34117.9,55972.06,19422.16,32116.91,28116.88,17533.45,34880.31,6150.48,9087.18,55977.33,5206.88,44852.67,28163.5,0.0,19634.18,48167.5,13171.29,28294.63,22410.61,26153.31,19522.67,36498.25,18583.45,34512.69,27659.96,22878.21,59593.3,19634.18,15546.45,11492.28,12852.03,25459.37,44411.35,7304.11,22228.24,12827.07,13184.22,37233.61,40552.04,19797.71,6984.57,33019.0,32516.34,23143.45,15198.05,21763.57,23629.92,37773.68,15219.31
37541.93,42665.05,31109.08,28334.7,3161.62,22322.18,14860.03,22708.59,26866.08,17718.78,39355.77,17199.06,14561.88,26581.38,15844.73,30862.41,48110.21,38014.27,15832.21,27202.5,13800.44,31213.04,18287.1,18260.14,38858.9,5561.95,27354.28,9635.31,29211.86,13800.44,7031.32,23313.96,20935.01,38047.13,34752.6,27073.78,24508.36,47324.03,10360.82,40364.18,28129.16,2856.73,43127.58,21717.43,19078.71,64224.6,15441.32,41229.0,19816.86,26681.55,0.0,39397.3,6088.13,19947.99,20585.43,34400.58,34275.24,44745.52,1914.97,21130.62,26896.0,40601.5,37780.86,0.0,5481.9,22421.25,22444.89,28506.96,26411.3,12683.93,3411.86,18348.32,19200.0,17567.17,21295.74,23483.61,20935.01,8865.07,25113.55,40866.75,32004.28,35766.85,29263.04,24544.01,5574.25
65607.24,44545.02,16052.95,22384.36,36353.0,35526.7,43203.38,42223.73,20852.04,24165.87,20273.29,23385.27,65377.94,21081.28,36776.7,9142.76,55812.52,66079.58,36896.84,74101.6,44744.89,68680.11,21037.75,23704.02,12473.32,54393.65,55419.58,46407.63,62672.42,44744.89,45540.36,25086.94,53026.03,66515.94,51136.66,28232.95,73192.13,23309.33,61176.88,54604.06,22178.82,41142.06,56510.68,53808.45,66986.28,34084.44,45814.56,11785.65,57765.83,48088.96,39331.56,0.0,52648.57,70764.05,67611.92,52330.63,60277.97,58800.1,52142.48,49195.93,20881.96,61119.3,66321.29,39331.56,49157.77,44358.43,35649.41,29666.13,50766.01,40833.91,35914.24,66255.9,67107.58,24291.02,72111.8,32831.13,53026.03,30850.21,71772.21,63720.28,64095.3,67857.87,30422.21,75360.07,49164.28
37927.77,41738.32,34963.39,31220.9,8131.08,21395.45,11277.62,27712.4,30528.52,31794.53,42241.97,31274.81,13803.42,31109.38,20848.54,44938.16,47183.47,41875.18,20836.02,26444.04,7615.94,30454.59,32362.85,32335.89,46361.21,2234.75,27740.12,8997.89,28453.4,7615.94,12035.13,25923.69,20008.27,41288.38,33825.86,26924.68,23749.9,63292.59,9602.37,39437.45,31015.36,3631.82,42200.84,20790.69,16612.74,63297.86,9256.81,55304.75,19058.4,13102.47,5787.26,53473.05,0.0,19189.54,17238.38,33473.84,33348.5,43818.78,4736.53,21516.46,30558.44,39674.76,41022.11,5787.26,5236.27,21494.52,21518.15,28357.86,31415.12,12046.52,8381.32,15882.35,16734.04,31642.92,20537.29,28463.83,20008.27,27428.31,21398.67,39940.01,31077.54,34840.11,31606.81,23785.56,5328.61
23846.3,59356.78,52581.86,48839.37,21589.6,39013.91,29604.82,30395.27,48146.98,49413.0,59860.43,48893.28,6561.74,48727.85,22457.04,62556.63,64801.94,24594.1,22444.51,15046.58,25943.14,13173.51,49981.32,49954.36,63979.67,17170.3,18927.58,26616.36,11172.32,25943.14,16573.02,43542.15,37626.73,24007.29,51444.32,44543.14,14137.11,80911.05,10484.91,57055.91,48633.83,18735.36,59819.31,38409.16,22564.64,80916.33,26312.37,72923.21,1643.88,45642.54,19953.61,71091.52,19515.97,0.0,13946.34,51092.31,50966.96,61437.24,19785.36,16468.25,48176.91,56076.7,23741.02,19953.61,20285.1,39112.98,39136.62,45976.32,29273.47,29664.98,21839.84,26150.93,27057.61,49261.39,3256.2,46082.3,37626.73,27293.05,12957.64,56341.95,47479.48,52218.77,49225.27,12540.24,20377.44
32190.8,56197.41,49422.48,45679.99,22256.88,35854.54,24619.44,33350.04,44987.61,46253.63,56701.06,45733.91,8560.23,45568.47,26486.18,59397.26,61642.57,32938.61,26473.65,6573.44,18985.14,23928.38,46821.94,46794.99,60820.3,15687.95,31592.15,23456.99,19516.83,18985.14,18645.26,40382.78,34467.36,32351.8,48284.95,41383.77,5663.97,77751.68,10750.95,53896.54,45474.46,17406.03,56659.94,35249.78,14422.99,77756.95,20502.32,69763.84,13815.21,24796.48,19506.76,67932.14,16345.43,13946.34,0.0,47932.94,47807.59,58277.87,18456.03,22764.46,45017.53,45420.41,32085.53,19506.76,18955.76,35953.61,35977.25,42816.95,41938.04,26505.61,22507.13,8951.91,9803.59,46102.02,13044.27,42922.92,34467.36,41887.4,4244.05,45685.65,36823.18,41562.48,46065.9,8587.1,19048.11
87765.5,11097.03,39231.52,24619.8,36135.27,18959.41,22633.56,60602.08,25393.55,43665.18,34916.12,43145.46,45692.38,26230.95,49376.81,46799.22,14301.45,88513.3,49496.95,63094.3,24175.06,62343.55,44233.49,44206.54,46647.32,34708.09,59629.07,23495.75,75091.52,24175.06,38175.43,22704.14,20269.17,87926.5,1761.87,20709.42,62184.82,32651.31,41491.32,6555.42,24923.0,32028.29,9318.82,21056.32,45337.53,32656.58,25244.74,42865.42,50947.36,27519.13,33784.13,55334.11,32963.02,51078.49,47926.37,0.0,8570.11,13177.5,32456.93,53405.41,25516.86,9411.44,87660.23,33784.13,29472.21,14262.09,18900.52,20791.83,67787.28,20264.09,36385.51,46570.34,45981.46,43513.57,52426.24,17353.99,20269.17,39298.95,60583.26,12012.42,18855.71,20517.81,16722.62,65840.6,29478.72
72793.21,16721.56,44856.04,33014.46,35568.26,21869.16,25543.31,60035.07,29155.91,43098.16,40540.65,42578.45,45125.37,29736.77,48809.8,52423.75,20455.35,73541.01,48929.94,48122.0,22829.44,64530.79,43666.48,43639.53,52271.85,34141.08,59062.06,26155.06,60119.23,22829.44,37608.42,25441.36,17587.27,72954.2,10153.07,23446.64,47212.53,38275.84,40924.31,12709.32,33317.66,31461.28,15472.72,18369.69,30365.23,38281.11,22146.32,48489.95,50380.35,19421.2,33217.12,60958.64,32396.0,50511.48,47359.36,8457.09,0.0,17040.29,31889.91,52838.4,29185.83,2207.24,72687.93,33217.12,28905.2,12552.72,21810.27,29186.49,67220.27,23173.84,35818.5,32266.51,31009.17,42946.55,53646.67,20091.21,17587.27,38731.95,45610.96,4245.68,11088.97,13499.97,19459.85,50868.31,28911.71
87075.9,14203.6,43114.68,33586.06,46349.37,29173.51,32847.66,70816.19,34359.81,53879.28,38799.28,53359.56,55906.48,35197.21,59590.91,50682.38,6660.67,87823.7,59711.05,62404.69,34389.16,78813.48,54447.59,54420.64,50530.48,44922.2,69843.17,33709.85,74401.92,34389.16,48389.54,34944.63,30483.27,87236.89,11513.01,31191.56,61495.22,36534.47,51705.43,6402.8,33889.26,42242.39,4063.12,31270.42,44647.92,36539.74,35458.84,46748.58,61161.46,37733.23,43998.23,59217.27,43177.12,61292.59,58140.47,12496.89,17203.04,0.0,42671.03,63619.52,34483.12,18044.37,86970.63,43998.23,39686.32,24476.19,29114.62,29758.09,78001.38,30478.19,46599.61,46549.2,45291.86,53727.67,62640.34,31626.35,30483.27,49513.05,59893.65,20645.34,25371.66,26047.95,30994.99,65151.0,39692.82
38614.05,41705.8,34641.56,30899.07,4702.89,21362.94,13900.79,23780.71,30206.69,19260.05,41920.14,18740.33,14616.99,28122.65,16916.85,32403.68,47150.96,42688.75,16904.32,27257.61,12841.19,31268.16,19828.36,19801.41,46039.38,4602.7,28426.39,8676.06,29266.97,12841.19,8103.43,25601.86,19975.76,39119.25,33793.35,26602.85,24563.47,63260.08,10415.94,39404.94,30693.53,1956.28,42168.34,20758.18,18119.46,63265.35,14482.07,42770.26,19871.97,25722.3,2983.25,40938.57,5128.89,20003.1,18745.11,33441.34,33315.99,43786.27,0.0,22202.73,30236.61,39642.25,38852.98,2983.25,4522.66,21462.01,21485.64,28036.03,27483.42,11724.69,4953.13,17389.08,18240.76,19108.44,21350.86,22524.37,19975.76,10406.33,25168.67,39907.5,31045.03,34807.6,27854.29,24599.13,4615.01
16411.32,61733.39,43287.67,45474.28,18738.29,41390.52,31981.43,14170.27,42590.86,26032.08,52312.21,26804.77,14614.81,42306.16,12817.8,41181.68,67178.55,16883.65,12805.27,30969.32,28319.75,19484.18,28606.36,26573.44,49178.16,19546.91,6223.66,28992.97,13476.5,28319.75,12786.01,40453.53,40003.34,16916.52,53820.94,46919.75,30059.85,59299.78,16373.08,59432.52,45268.74,21083.38,62195.92,40785.77,33609.19,83292.94,29960.63,51548.26,15142.87,33806.29,21141.22,49603.31,21892.58,16491.13,22728.32,53468.92,53343.58,63813.86,22161.97,0.0,42620.78,59669.84,16650.24,21141.22,22661.71,41489.59,41513.23,48352.93,13839.06,32041.59,19002.97,32878.8,33730.48,25880.46,21794.46,48458.91,40003.34,24456.17,28880.38,59935.09,51072.62,54835.19,51601.88,28462.97,22754.05
58542.54,20328.98,4772.85,1788.88,24579.23,14939.34,22616.03,38227.28,256.56,17228.43,12809.94,17033.21,42286.91,918.85,29712.0,12340.56,30389.15,59014.88,29832.15,51010.57,24157.53,58938.07,14021.84,17351.96,16929.18,31302.62,48354.88,22955.64,56936.89,24157.53,30172.45,4499.58,22467.84,59451.23,22833.15,7645.59,50101.09,20778.21,38085.85,26300.55,1583.34,28327.45,29063.95,23254.99,33142.79,27643.96,25227.21,18319.13,47541.89,27501.6,27557.79,20875.45,29557.54,47673.02,44520.89,24291.54,32238.89,32401.05,28756.09,42131.22,0.0,33080.21,59256.59,27557.79,25771.38,23771.07,15062.05,9078.77,44105.59,20246.55,24140.47,43164.86,44016.54,17353.58,49020.77,12243.77,22467.84,21015.17,48681.18,35681.19,36912.32,40674.89,9834.86,52269.04,23792.63
70608.19,19039.81,47174.29,35332.7,42006.66,27499.41,28742.84,66473.48,36106.45,49536.57,42858.89,49016.85,51563.77,36943.85,55248.2,54742.0,22773.59,71355.98,55368.34,45936.98,29267.84,62345.76,50104.89,50077.93,54590.09,40579.48,70009.53,32593.46,57934.21,29267.84,44046.83,30183.44,24025.68,70769.18,12471.32,28188.72,45027.51,40594.08,47362.72,15027.57,35635.9,37899.68,17790.96,24808.1,28180.21,40599.36,30337.52,50808.2,55512.21,25341.71,39655.52,63276.89,38834.41,53868.38,44660.23,10775.34,1656.37,19358.53,38328.32,59276.81,36229.76,0.0,70502.91,39655.52,35343.61,17294.79,27440.52,31504.73,73658.67,28804.09,42256.9,30081.49,28824.14,49384.96,51461.65,24833.29,24025.68,45170.35,43425.94,2060.66,8903.95,11882.99,24201.92,48683.29,35350.12
850.07,96405.1,60181.76,62368.37,35393.18,58045.42,65779.71,25261.49,59484.95,42926.17,69206.3,43698.87,28420.78,59200.25,30343.39,58075.77,100138.88,796.19,29460.17,30193.32,44974.65,17449.01,45500.46,43467.53,66072.26,36201.81,10432.21,45647.87,12807.62,44974.65,29440.91,57347.63,56658.24,266.27,70475.84,63574.65,29283.85,117959.38,32343.95,92392.86,62162.83,37738.27,95156.26,57440.66,54477.48,117964.65,48171.41,68442.36,25481.53,60789.27,37796.12,66497.41,38547.48,23837.69,31773.6,88140.63,72857.59,96723.82,38816.87,16654.9,59514.87,71223.43,0.0,37796.12,39316.61,70593.63,58168.13,65007.83,19179.31,48696.49,35657.87,39799.32,42204.34,42774.56,21018.46,65113.8,56658.24,41111.07,28104.38,71488.68,62626.21,67365.51,68256.78,27686.97,39408.95
37541.93,42665.05,31109.08,28334.7,3161.62,22322.18,14860.03,22708.59,26866.08,17718.78,39355.77,17199.06,14561.88,26581.38,15844.73,30862.41,48110.21,38014.27,15832.21,27202.5,13800.44,31213.04,18287.1,18260.14,38858.9,5561.95,27354.28,9635.31,29211.86,13800.44,7031.32,23313.96,20935.01,38047.13,34752.6,27073.78,24508.36,47324.03,10360.82,40364.18,28129.16,2856.73,43127.58,21717.43,19078.71,64224.6,15441.32,41229.0,19816.86,26681.55,0.0,39397.3,6088.13,19947.99,20585.43,34400.58,34275.24,44745.52,1914.97,21130.62,26896.0,40601.5,37780.86,0.0,5481.9,22421.25,22444.89,28506.96,26411.3,12683.93,3411.86,18348.32,19200.0,17567.17,21295.74,23483.61,20935.01,8865.07,25113.55,40866.75,32004.28,35766.85,29263.04,24544.01,5574.25
38998.7,37837.57,30773.32,27030.83,7450.86,17494.7,10032.54,25168.3,26338.45,27893.78,38051.9,27374.06,14874.35,26919.31,18304.44,41037.41,43282.72,42946.11,18291.91,27514.97,13284.72,31525.52,28462.1,28435.14,42171.14,4860.06,28811.04,4807.82,29524.33,13284.72,9491.02,21733.61,16107.52,42359.3,29925.11,22734.61,24820.83,59391.84,10673.29,35536.7,26825.29,3343.87,38300.09,16889.94,18376.82,59397.11,11153.58,43561.08,20129.33,21854.06,5099.72,49572.3,8879.07,20260.46,19002.46,29573.09,29447.75,39918.03,3772.51,22587.38,26368.37,35774.01,42093.03,5099.72,0.0,17593.77,17617.4,24167.78,28871.01,7856.44,7701.1,17646.43,18498.12,27742.17,21608.21,18656.13,16107.52,23527.56,25426.03,36039.26,27176.79,30939.36,23986.05,24856.49,1900.42
69850.47,22341.74,28003.03,24260.54,26470.92,9603.27,10982.25,50937.74,23568.16,34000.83,36372.95,33481.11,36028.04,24149.02,39712.46,35570.73,27786.89,70598.27,39832.61,45179.26,12523.75,61588.05,34569.15,34542.19,40985.0,25043.75,49964.73,17057.73,57176.49,12523.75,28511.09,18963.32,7069.95,70011.46,14429.28,18867.03,44269.79,43896.01,31826.98,20040.87,24055.0,22363.94,22804.27,7857.1,27422.49,43901.28,13593.42,42374.95,41283.02,11513.13,24119.79,44105.63,23298.67,41414.15,38262.02,14077.26,14676.52,24422.2,22792.58,43741.07,23598.08,15517.84,69745.2,24119.79,19807.87,0.0,9544.39,20112.99,58122.94,8612.77,26721.16,29323.77,28066.43,33849.22,42761.9,13382.32,7069.95,29634.61,42668.23,18118.82,10233.25,14601.44,14880.23,47925.57,19814.38
57135.05,26669.49,19577.51,15835.02,15522.52,127.2,7932.98,47920.41,15142.64,21450.25,26856.09,21255.02,33010.7,15723.5,36695.13,27145.22,32114.65,61082.46,36815.27,52209.0,9474.48,49661.87,20056.64,21573.77,30975.33,22026.41,46947.39,7673.24,47660.68,9474.48,20776.42,10537.81,7784.79,60495.66,18757.04,11538.8,51299.53,34824.35,28809.65,24368.63,15629.49,14629.28,27132.02,8571.94,18459.74,48229.04,10544.16,32365.28,38265.68,12818.55,16385.12,35680.11,20281.34,38396.81,35244.69,18405.02,24261.5,28749.96,15057.92,40723.74,15172.56,25102.83,60229.38,16385.12,12073.2,9027.32,0.0,12971.98,40156.41,5563.51,15337.79,33888.66,35096.17,21575.39,39744.57,7310.31,7784.79,26617.28,49697.96,27703.8,22229.27,25991.84,11142.53,42992.84,11527.05
64397.36,16836.91,13619.44,9324.56,25549.66,12925.45,20602.13,41368.88,9184.57,24057.12,18264.07,23861.9,40273.01,9765.43,32853.6,21187.15,26897.08,68344.77,32973.75,48996.67,22143.63,56924.18,22123.64,24180.65,22383.31,29288.72,54209.7,20941.74,54922.99,22143.63,31142.88,5470.02,20453.95,67757.96,19341.08,1433.5,48087.2,21964.08,36071.95,22808.48,9627.76,26313.55,25571.88,21241.09,31128.89,27215.56,23213.31,23773.26,45527.99,25487.71,28069.4,29722.04,27543.64,45659.12,42507.0,20799.47,28746.81,28908.98,26742.19,47986.04,9214.49,29588.14,67491.7,28069.4,23757.48,20184.66,13048.16,0.0,47247.19,18232.66,25110.9,41150.97,42002.65,24182.27,47006.87,9385.19,20453.95,21985.61,46667.29,32189.12,34898.43,40694.5,5477.35,50255.15,21778.73
19763.87,76503.56,44906.21,47092.82,25309.45,56160.69,38369.33,7828.59,44209.4,27650.62,53930.75,28423.31,28492.78,43924.7,15067.84,42800.22,81948.72,19763.45,15187.98,40577.01,39034.33,29283.67,30224.91,28191.98,50796.71,30261.49,10470.69,33144.61,23191.31,39034.33,19357.18,42072.08,54773.52,19316.38,68591.1,45831.89,39667.54,60918.33,27668.32,74202.7,46887.28,26366.03,76966.09,55555.93,44323.77,72947.91,40675.21,53166.8,27987.01,44520.87,26423.87,51222.73,32607.15,29335.27,42157.29,68239.09,68113.75,78584.02,27988.32,13877.97,44239.32,74440.01,19121.74,26423.87,28991.2,56259.76,56283.4,47265.07,0.0,36193.23,25574.13,43593.38,44445.06,27499.01,31402.15,47746.32,54773.52,29358.96,38488.06,74705.26,65842.78,69605.35,48021.16,38070.66,29083.55
48741.95,28840.3,24760.8,21018.32,14765.13,5425.22,2369.48,46276.92,20325.94,29340.01,32039.38,28820.29,24617.61,20906.8,35051.64,32328.52,34285.46,52689.36,35171.79,50652.98,3910.99,41268.77,29908.33,29881.38,36158.62,13633.31,38554.3,3231.67,39267.58,3910.99,16805.29,15721.1,6141.31,52102.55,20927.84,16722.09,49743.51,50394.57,20416.55,26539.43,20812.78,10658.15,29302.83,5433.1,12896.24,50399.84,4980.66,37548.57,29872.58,7255.06,12413.99,40863.4,11888.24,30003.71,26851.59,20575.83,26432.3,30920.76,11086.79,32330.64,20355.86,27273.63,51836.29,12413.99,8435.72,8627.4,5547.93,18155.27,36185.29,0.0,16059.02,16636.14,16993.28,29188.4,31351.46,12493.61,6141.31,24973.79,48141.95,29535.72,20673.25,24435.82,16325.82,34599.74,8108.59
35160.06,52049.77,27697.34,24922.96,438.88,15225.07,16035.59,20318.01,23454.34,14307.04,35944.03,13787.32,16335.15,23169.64,11511.26,27450.67,57494.93,35632.4,11631.41,28975.77,19287.77,32986.32,14875.36,14848.4,35447.16,7933.16,24972.4,10810.87,30985.13,19287.77,6032.1,19902.22,30319.72,35665.26,44137.32,23662.04,26281.63,43912.29,12134.1,49748.9,24717.42,5227.94,52512.3,31102.14,21449.92,50778.04,20928.64,37817.25,21590.13,36066.27,3417.44,35985.56,8459.35,21721.27,22358.71,43785.3,43659.96,54130.23,4966.0,18748.75,23484.26,49986.22,35398.99,3417.44,7853.12,31805.97,15347.77,25095.21,25342.76,13859.49,0.0,20719.54,21571.22,14155.43,23069.02,20784.82,30319.72,5453.33,26886.83,50251.46,41389.0,45151.57,25851.3,26317.29,7145.32
40626.89,55340.46,49646.79,45904.3,22074.89,36078.85,19178.42,40805.53,45211.93,46477.94,56925.38,45958.22,22431.12,45792.79,33941.67,59621.57,59074.25,41374.7,33929.14,15955.69,16594.59,32364.47,47046.25,47019.3,61044.61,15912.26,40028.23,23681.3,27952.91,16594.59,25128.25,40607.09,34691.68,40787.89,48771.96,41608.08,15046.21,76894.73,18944.76,51328.22,45698.77,17630.34,54091.61,35474.09,7729.44,76900.01,15061.3,69988.15,25530.92,19724.63,19731.07,68156.45,16569.74,23887.08,9558.04,47075.99,31792.95,55659.18,18680.34,34609.58,45241.84,30158.79,40521.62,19731.07,19180.07,29528.99,36201.56,43041.26,50374.13,19856.82,22325.13,0.0,852.28,46326.33,21480.35,43147.23,34691.68,42111.71,13444.65,30424.04,21561.57,26300.87,46290.21,18701.99,19272.42
41403.36,54488.18,50006.26,46263.77,22434.35,36438.31,19537.88,41164.99,45571.39,46837.4,57284.84,46317.68,22790.59,46152.25,34301.13,59981.03,58221.97,42151.16,34288.61,16732.16,16954.05,33140.94,47405.72,47378.76,61404.07,16271.72,40804.7,24040.76,28729.38,16954.05,25487.72,40966.55,35051.14,41564.36,47919.69,41967.54,15822.68,76042.46,19304.22,50475.94,46058.23,17989.8,53239.34,35833.56,8088.91,76047.73,15420.77,70347.62,26307.39,18872.36,20090.54,68515.92,16929.2,24663.55,9808.81,46223.71,30940.67,54806.91,19039.8,34969.04,45601.31,29306.52,41298.09,20090.54,19539.54,28676.72,36561.02,43400.72,51150.6,20216.29,22684.59,1257.34,0.0,46685.79,22256.82,43506.7,35051.14,42471.18,14221.12,29571.76,20709.29,25448.59,46649.68,19478.46,19631.88
42545.7,53617.73,18410.4,19245.91,15214.66,21841.94,33540.98,20659.22,17713.59,379.92,27434.95,1016.46,31978.91,17428.89,13715.15,16304.41,59062.89,43018.03,13835.3,52963.26,35915.89,45618.56,3729.1,785.13,24300.9,33255.31,32358.04,25269.29,39610.88,35915.89,22478.82,19373.98,31887.69,43454.39,45705.28,23133.8,42654.29,34422.52,40038.54,51316.87,19040.37,20003.72,54080.27,32670.11,45847.94,45100.99,36152.16,26670.99,34704.29,37634.23,18193.22,24242.02,31510.23,36052.54,46473.59,45353.26,45227.92,55698.2,31004.14,26134.38,17743.51,51554.18,43259.75,18193.22,28019.43,33373.94,21964.65,24566.98,28108.74,31171.51,14775.9,45117.55,45969.24,0.0,39441.67,25048.22,31887.69,9711.87,50633.87,51819.43,42956.96,46719.53,25323.07,42689.95,28025.94
21097.35,60704.61,53929.68,50187.2,22937.43,40361.74,30952.65,35138.15,49494.82,50760.83,61208.27,50241.11,7909.57,50075.68,25835.51,63904.46,66149.77,21845.15,25822.98,12297.64,27290.97,10424.56,51329.14,51302.19,65327.5,18518.13,20498.69,27964.19,8423.37,27290.97,19951.49,44889.98,38974.57,21258.35,52792.16,45890.97,11388.17,82258.88,11832.74,58403.74,49981.66,20083.19,61167.14,39756.98,23912.47,82264.16,27660.2,74271.05,4970.32,42893.59,21301.44,72439.34,20863.8,3326.48,13877.92,52440.14,54961.91,62785.07,21133.19,20635.68,49524.74,53327.75,20992.08,21301.44,21632.93,40460.81,40484.45,47324.15,30844.59,31012.81,23187.67,21903.64,24308.66,50609.22,0.0,47430.13,38974.57,28640.88,10208.7,53593.0,44730.53,49469.83,50573.1,9791.29,21725.27
58923.54,18655.56,16705.68,12963.2,20952.76,7236.26,14912.94,41767.99,12270.81,24456.23,23984.26,24261.0,34799.19,12851.67,33252.71,24273.39,28715.73,62870.95,33372.85,59188.97,16454.45,51450.36,23062.62,24579.75,28103.5,23814.9,48735.88,13883.7,49449.17,16454.45,26545.98,7665.98,14764.76,62284.14,17510.61,7952.01,58279.5,28504.08,30598.13,24627.13,12757.66,20839.73,27390.53,15551.91,25439.7,33755.57,17524.12,29493.45,40054.17,19798.52,22595.58,32808.28,22069.82,40185.3,37033.18,17231.04,22215.62,29155.98,21268.38,42512.23,12300.73,23056.95,62017.88,22595.58,18283.66,13383.19,7358.97,9385.19,47646.3,12543.47,20768.03,35677.15,42076.13,24581.38,41533.05,0.0,14764.76,21733.25,56677.93,25657.92,29209.24,32971.81,3832.35,44781.33,17737.51
70119.78,28534.17,26861.81,23119.32,21820.74,7526.23,5018.87,46287.55,22426.94,29350.64,34140.39,28830.93,31377.85,23007.8,35062.27,42494.28,33979.33,70867.58,35182.42,45448.57,6329.44,61857.35,29918.96,29892.01,38259.63,20393.56,45314.54,12407.54,57445.8,6329.44,23860.9,17822.1,0.0,70280.77,20621.72,18823.1,44539.1,50088.45,27176.79,26233.3,22913.78,17713.75,28996.7,1015.94,14118.12,50093.72,7399.12,39649.57,36632.83,6833.81,19469.6,51029.16,18648.48,36763.96,33611.84,20269.7,17739.8,30614.63,18142.39,39090.88,22456.86,24066.07,70014.5,19469.6,15157.68,7023.41,7648.93,20256.27,53472.75,6182.97,22070.98,17858.01,28335.74,29199.04,38111.71,14594.61,0.0,24984.42,42937.53,24331.31,15468.84,19231.41,18506.04,48194.88,15164.19
41011.17,46596.47,24103.36,23047.77,6289.99,26253.6,26519.72,26324.38,22772.82,8853.74,33127.91,8334.02,22186.26,22488.13,14565.37,21997.37,52041.63,41483.5,14685.52,34826.88,28894.62,38837.43,9422.06,9395.1,29993.86,26234.05,30823.51,18248.03,36836.24,28894.62,11883.21,18027.03,24866.43,44304.61,38684.02,21786.85,32132.74,40115.48,17985.21,44295.6,22842.23,11079.05,47059.0,25648.85,38826.68,68156.02,29130.9,32363.96,27441.24,30612.97,9268.55,30532.26,24488.97,27572.37,39452.32,38332.0,38206.66,48676.93,10817.11,24599.85,22802.75,44532.92,41250.1,9268.55,20998.17,26352.67,26376.31,23220.03,28958.96,24150.25,5851.23,38096.29,38947.97,8702.13,28920.12,33321.99,24866.43,0.0,43612.61,44798.16,35935.7,39698.27,23976.12,32168.4,21004.68
29322.23,70703.94,54201.77,50459.28,27361.38,40633.82,40078.54,43363.03,49766.89,51032.91,61480.34,50513.19,12398.63,50347.76,30324.58,64176.54,74437.72,30070.03,30312.05,3704.86,23764.42,21059.8,51601.23,51574.27,65599.59,22942.08,28723.57,28236.27,16648.25,23764.42,24440.56,45162.06,46173.77,29483.22,64135.44,46163.05,2795.39,92258.21,16256.69,66691.7,50253.74,24507.14,69455.09,46956.19,18359.85,92263.48,25281.6,74543.13,14226.26,35088.11,25725.39,72711.43,21124.71,12582.42,4863.05,62439.46,47156.42,71022.66,25557.14,28860.56,49796.82,45522.27,29216.96,25725.39,26056.88,44892.47,40756.53,47596.23,39069.46,31284.89,27611.62,12888.77,13740.45,50881.3,10175.69,47702.21,46173.77,33064.83,0.0,45787.52,36925.05,41664.34,50845.18,7397.33,26149.22
70912.21,20126.32,48260.8,36419.22,42310.69,30333.08,29046.86,66777.5,37192.97,49840.6,43945.41,49320.88,51867.8,38030.37,55552.23,55828.52,23860.11,71660.02,55672.37,46241.01,29571.87,62649.79,50408.91,50381.96,55676.61,40883.51,70313.55,32897.49,58238.23,29571.87,44350.86,31269.95,24329.7,71073.2,13557.83,29275.23,45331.54,41680.6,47666.74,16114.08,36722.42,38203.71,18877.48,25112.12,28484.24,41685.87,30641.54,51894.71,55816.24,25645.74,39959.55,64363.4,39138.43,54172.4,44964.25,11861.85,3666.16,20445.05,38632.34,59580.84,37316.28,2032.0,70806.94,39959.55,35647.63,18019.98,28527.04,32591.25,73962.7,29250.5,42560.93,30385.52,29128.17,49688.98,51765.68,25919.8,24329.7,45474.38,43729.97,0.0,9207.98,9452.35,25288.44,48987.31,35654.14
62107.41,26949.31,40863.86,37121.37,33505.89,21528.28,20242.06,57972.7,36428.99,41035.8,50768.4,40516.08,43063.0,37009.85,46747.43,54179.43,30683.1,62855.21,46867.57,37436.21,20767.07,53844.99,41604.11,41577.16,62499.6,32078.71,61508.75,24092.69,49433.43,20767.07,35546.05,31824.16,15524.9,62268.41,20380.82,32825.15,36526.73,48503.59,38861.94,22937.07,36915.84,29398.9,25700.47,16307.32,19679.44,48508.86,21836.74,58717.7,47011.44,16840.94,31154.75,62714.32,30333.63,45367.6,36159.45,18684.84,10489.15,25389.47,29827.54,50776.04,36458.91,8855.0,62002.14,31154.75,26842.83,10150.82,21650.99,34258.33,65157.9,20445.7,33756.13,21580.71,20323.37,40884.18,42960.88,28596.66,15524.9,36669.57,34925.17,9120.24,0.0,4483.93,25614.81,40182.51,26849.34
67018.05,33332.09,49512.32,45769.83,42154.34,30176.73,28890.52,66621.16,45077.45,49684.25,57151.17,49164.54,51711.46,45658.31,55395.88,62827.88,37065.87,67765.85,55516.03,42346.84,29415.53,58755.62,50252.57,50225.61,68882.37,40727.17,66419.39,32741.15,54344.07,29415.53,44194.51,40472.61,24173.36,67179.04,26763.59,41473.61,41437.37,54886.36,47510.4,29319.84,45564.29,38047.36,32083.24,24955.78,24590.07,54891.63,30485.2,65100.47,51922.07,21751.58,39803.21,71362.77,38982.09,50278.23,41070.09,25067.61,17776.18,33650.81,38476.0,59424.49,45107.37,11984.21,66912.77,39803.21,35491.29,14499.68,30299.44,42906.79,73806.36,29094.15,42404.59,26491.35,25234.0,49532.64,47871.51,37245.12,24173.36,45318.03,39835.8,14301.55,4464.6,0.0,29963.68,45093.14,35497.8
67820.71,17988.67,14412.96,10670.47,26343.18,11068.48,20637.54,42162.4,9978.09,24850.64,22872.37,24655.42,43696.36,10558.95,33647.12,21980.67,28048.84,71768.12,33767.27,60477.34,22179.04,60347.52,22917.16,24974.17,25810.78,32712.07,57633.05,17715.92,58346.34,22179.04,31936.4,6263.54,18636.41,71181.31,16843.71,4268.82,59567.87,24863.69,39495.3,23960.24,10464.93,26131.82,26723.63,19423.56,31164.3,30115.18,23248.71,27200.72,48951.34,25523.11,27887.67,30515.56,30966.99,49082.47,45930.35,16564.15,21548.72,28489.08,26560.46,51409.39,10008.01,22390.05,70915.04,27887.67,23575.75,14926.9,11191.18,5514.78,48040.71,18268.07,25904.43,44574.32,43364.51,24975.79,50430.22,3832.35,18636.41,22779.13,57966.3,24991.02,25551.67,29919.86,0.0,53678.5,21597.0
27796.13,74120.22,56773.03,53030.54,25780.78,43205.09,43494.83,41836.93,52338.16,53604.17,64051.61,53084.45,10818.02,52919.02,28743.97,66747.8,77854.0,28543.94,28731.44,4466.06,30134.32,19533.71,54172.49,54145.54,68170.84,21361.47,27197.47,30807.54,15122.16,30134.32,22859.95,47733.32,41817.91,27957.13,67551.73,48734.32,3456.39,95674.49,14676.08,70107.98,52825.0,22926.54,72871.38,42600.33,32192.6,95679.77,29395.72,77114.39,12700.16,38504.39,24144.78,75282.7,23707.14,11056.32,8861.9,65855.75,50572.7,74438.95,23976.54,27334.46,52368.08,48938.55,27690.86,24144.78,24476.27,48308.75,43327.79,50167.5,37543.37,33856.16,26031.02,16887.61,19919.46,53452.56,8649.59,50273.47,41817.91,31484.22,5819.49,49203.8,40341.33,45080.63,53416.45,0.0,24568.62
39034.09,39148.26,28442.45,24699.96,6861.69,11391.4,11343.24,25203.68,24007.58,29204.47,35721.03,28684.76,14909.73,24588.44,18339.82,42348.11,44593.42,42981.49,18327.29,27550.35,14595.41,31560.9,29772.79,29745.84,39840.27,4895.44,28846.43,6118.52,29559.71,14595.41,9526.41,19402.75,17418.21,42394.68,31235.8,20403.74,24856.21,60702.53,10708.68,36847.39,24494.42,3379.26,39610.79,18200.63,18412.2,60707.8,16236.29,41230.21,20164.71,23164.75,5135.1,50882.99,5421.63,20295.84,19037.85,30883.79,30758.44,41228.72,3807.9,22622.77,24037.5,37084.71,42128.41,5135.1,1965.11,18904.46,11514.11,21836.92,28906.39,9167.14,7092.2,17681.82,18533.5,29052.87,21643.6,17685.2,17418.21,12545.4,25461.41,37349.95,28487.48,32250.05,21655.19,24891.87,0.0
