0.0,2870.05,2115.84,2195.72,1924.85,800.16,1015.77,939.48,2110.91,1887.08,1500.04,2759.76,1608.7,1268.4,1938.49,1614.44,2420.87,2687.4,2825.85,1606.54,2061.97,920.87,2345.91,1556.98,1602.7,2959.66,608.07,2129.07,486.25,2055.19,920.87,958.52,1480.28,851.16,2914.24,1819.38,1640.46,1920.75,3035.04,987.8,2111.45,1997.58,414.83,2437.57,900.03,1303.02,2897.01,1051.21,3036.93,1577.34,1321.86,611.6,3015.44,660.4,1563.87,1479.98,1699.96,1844.52,2427.96,401.6,1747.15,1898.49,1886.78,2873.78,611.6,39.47,1034.27,1037.08,1744.39,2263.55,742.77,828.31,1218.0,1315.02,1487.79,1677.89,1555.78,851.16,1150.24,1861.13,1909.07,1374.13,1723.97,1741.56,1863.93,285.57
2811.23,0.0,4442.0,4320.11,4327.41,2639.02,3381.19,3371.55,1778.27,4158.92,2974.98,4850.5,3098.85,1724.74,4141.19,2115.74,4093.04,5014.11,158.95,2107.84,1696.59,3011.71,1236.42,3229.16,3077.64,4772.17,2396.98,692.33,2936.55,854.51,3011.71,2057.22,3913.09,3216.59,177.07,4184.81,4090.75,1570.6,5361.2,2064.18,4438.16,4400.14,2622.59,4764.29,3265.46,2680.63,5223.17,3198.98,4732.54,1589.15,2988.11,2667.97,4613.76,2686.97,1433.69,1869.63,4026.13,3795.79,4747.06,2721.44,1074.17,4170.33,3615.96,136.62,2667.97,2783.5,3370.2,3402.5,4194.69,1364.62,3193.07,2677.57,2445.63,2416.67,2962.73,1271.38,3929.2,3216.59,3053.23,1495.75,3638.25,3103.3,3397.78,4122.41,1547.08,2825.6
2103.71,4487.12,0.0,1640.4,1489.41,2676.45,1662.1,1877.07,3656.36,1622.82,2755.62,1375.22,2864.27,2946.83,1741.92,3099.44,2132.3,829.11,4434.81,3110.25,3412.11,2010.77,4024.34,2542.74,2858.28,2045.19,2218.16,3807.5,2008.96,3664.15,2010.77,2834.82,1607.81,1691.57,4523.2,657.65,1392.11,3286.12,1160.06,2666.23,840.73,1630.33,2291.13,845.38,1763.26,2571.74,1022.03,2128.43,1932.22,3255.77,2294.95,2487.89,2726.87,2270.33,3242.3,3089.9,584.8,874.96,928.0,2277.89,3425.58,1653.93,929.74,4482.74,2487.89,2105.02,1338.57,1649.35,1288.15,4130.77,1668.76,2704.6,2827.92,2678.54,2743.37,3356.32,1356.04,1691.57,2405.82,3124.11,1071.44,1497.62,1613.79,1279.32,3449.61,2148.88
2119.56,4346.45,1719.79,0.0,588.71,1995.15,1396.12,2023.02,2931.91,390.9,1452.05,1037.69,1398.23,3018.31,423.52,2270.08,491.89,2332.19,4373.18,2280.89,3791.02,2156.73,4095.83,1087.19,1456.75,1162.61,2289.64,3605.48,2003.46,3805.1,2156.73,2545.54,713.51,1996.91,4380.5,1942.13,950.32,3665.03,1539.24,2737.71,2125.22,661.44,2306.98,2348.46,2068.59,2919.18,1644.7,2274.38,1122.98,3327.25,2440.9,2380.5,1086.46,2341.81,3313.78,3161.39,1869.28,2159.45,2431.08,2293.75,3223.55,402.32,2214.22,4346.49,2380.5,2120.87,2019.53,1417.43,1054.25,3331.52,1814.71,1940.35,2899.4,2996.43,1456.52,3427.8,1272.12,1996.91,1887.65,3543.21,2355.93,2586.75,2898.28,1119.79,3613.84,2143.95
1866.56,4365.47,1526.15,590.19,0.0,1769.88,1143.12,1770.02,2950.93,213.86,1498.64,922.04,1499.37,2765.31,332.96,2289.1,1082.08,2132.93,4322.76,2299.91,3538.02,1903.73,3842.82,1133.78,1557.89,1121.94,2036.64,3624.5,1750.46,3552.1,1903.73,2320.27,460.51,1743.91,4399.52,1572.72,697.32,3412.03,1406.42,2484.71,1755.8,221.38,2053.98,2081.93,1815.59,2666.17,1511.88,2021.38,1199.21,3074.25,2187.9,2155.23,1676.66,2088.81,3060.78,2908.38,1544.01,1834.17,2224.28,2040.74,3242.57,244.97,1888.95,4365.52,2155.23,1867.87,1741.42,1164.43,632.95,3350.54,1561.71,1715.09,2646.4,2743.43,1503.11,3174.8,1019.12,1743.91,1719.61,3290.21,2030.65,2333.75,2573.0,866.79,3360.84,1890.95
796.53,2735.87,2711.5,2137.4,1890.58,0.0,1440.59,1535.14,1848.31,1841.98,1306.75,2725.49,1415.41,1279.09,1824.25,1194.44,2227.58,3283.06,2762.6,1205.25,2072.66,1481.78,2356.6,1363.69,1409.42,2906.71,861.48,1994.9,1081.91,2065.88,1481.78,695.92,1476.25,1446.82,2780.73,2415.04,1746.25,1931.44,3209.86,998.49,2707.11,1963.31,476.99,3033.23,1495.69,1570.96,3315.32,1710.01,2867.08,1588.03,1917.52,385.41,2822.15,956.28,1574.56,1668.18,2295.62,2440.18,3023.62,547.7,1612.97,1853.39,2482.44,2740.27,385.41,768.8,1629.93,1461.91,1850.18,2000.95,1338.43,216.75,1485.93,1582.96,1294.5,1688.58,1799.63,1446.82,592.4,1871.82,2504.73,1969.78,2319.63,1915.72,1874.62,810.9
992.4,3466.54,1606.81,1394.2,1123.33,1276.79,0.0,662.4,2574.43,1085.56,1579.95,1958.24,1580.68,1864.9,1136.98,2017.5,1886.1,2178.37,3422.34,2028.32,2474.83,796.1,2942.41,1354.91,1639.2,2158.14,1136.23,2725.57,710.28,2651.68,796.1,1723.51,678.76,636.28,3510.73,1310.35,838.94,2348.84,2442.61,1584.3,1602.42,1196.06,1179.82,1928.55,707.97,1558.55,2387.98,913.76,2235.41,2173.83,1080.28,1376.58,2480.67,1188.4,2160.37,2007.97,1190.93,1427.55,1918.93,1166.59,2343.65,1096.97,1482.32,3470.28,1376.58,993.72,665.86,21.31,942.88,3028.53,454.09,1252.05,1745.99,1741.26,1584.42,2274.39,573.16,636.28,1323.89,2186.83,1624.03,1226.12,1575.97,890.49,2460.42,1036.58
952.47,3380.62,1909.06,2022.2,1751.33,1531.09,653.15,0.0,2595.75,1713.56,1695.01,2586.24,1803.67,1779.47,1764.97,2038.83,2514.09,2480.63,3328.31,2049.64,2305.61,341.83,2856.98,1751.95,1797.67,2786.14,1050.8,2640.14,536.92,2557.65,341.83,1689.46,1306.76,425.2,3416.7,1612.61,1466.94,2179.62,2828.27,1498.87,1904.68,1824.06,1145.77,2230.8,335.26,1011.03,2690.24,459.48,2863.41,2088.41,498.8,1342.53,3108.66,1077.12,2074.94,1816.02,1493.19,1729.81,2221.19,1132.54,2258.22,1724.97,1784.58,3376.24,1342.53,953.78,807.47,674.46,1570.87,2994.49,208.31,1537.54,1352.99,1365.4,1682.76,2188.96,1201.16,425.2,1345.21,2017.62,1818.46,1283.51,1633.35,1518.49,2343.11,1003.53
2105.41,1826.85,3692.72,2956.84,2964.14,1703.41,2592.65,2692.28,0.0,2795.65,1611.71,3487.23,1735.58,1848.93,2777.93,840.89,2729.78,4264.28,1853.58,851.7,2671.87,2565.7,2260.83,1865.89,1714.38,3408.9,1950.97,1085.87,2281.17,1829.79,2565.7,1151.47,2549.82,2428.04,1832.61,3396.26,2819.81,2545.88,4016.68,1934.04,3688.33,3036.88,1785.87,4014.46,2476.92,2687.5,4388.89,2793.93,3369.28,2053.35,2898.75,1831.26,3191.2,2240.97,2137.86,2435.14,3276.84,3421.41,4004.85,1904.67,979.8,2807.06,3463.66,1798.6,1831.26,2077.68,2611.15,2613.96,2923.75,618.47,2483.97,1741.96,2602.47,2699.5,1599.46,2246.66,3059.9,2428.04,1714.92,2471.03,3485.96,2951.01,3300.85,2989.28,2502.76,2119.78
1744.44,4220.62,1636.92,420.76,197.9,1647.76,1021.0,1647.9,2806.07,0.0,1329.21,1032.81,1329.94,2643.19,163.54,2144.24,912.66,2243.7,4200.64,2155.06,3415.9,1781.61,3720.71,964.35,1388.46,1232.71,1914.52,3479.64,1628.34,3429.98,1781.61,2198.15,338.39,1621.79,4254.67,1683.48,575.2,3289.91,1517.18,2362.59,1866.57,270.63,1931.86,2192.7,1693.47,2544.06,1622.64,1899.26,1309.97,2952.13,2065.78,2033.11,1507.23,1966.69,2938.67,2786.26,1654.77,1944.94,2335.04,1918.63,3097.72,75.54,1999.71,4220.66,2033.11,1745.75,1644.41,1042.31,679.13,3205.68,1439.59,1592.97,2524.28,2621.31,1333.68,3052.68,897.0,1621.79,1597.49,3168.09,2141.42,2211.63,2561.47,744.67,3238.72,1768.83
1521.62,3037.78,2847.77,1505.23,1541.84,1184.45,1622.52,1847.33,1623.23,1344.04,0.0,2035.61,184.14,2282.11,1326.31,961.4,1278.16,3419.33,3064.51,972.22,3133.99,1948.71,3243.88,414.27,162.93,1957.29,1636.08,2296.8,1436.21,2846.92,1948.71,1584.66,1408.19,1583.09,3071.83,2551.31,1678.18,2992.77,2565.06,2084.15,2843.38,1614.57,1661.38,3169.51,1631.96,2330.86,2966.59,2098.69,1917.66,2548.62,2053.79,1569.81,1796.7,1688.24,2633.13,2507.82,2431.89,2576.45,3159.89,1695.81,1914.88,1355.45,2618.71,3037.82,1569.81,1522.94,1766.2,1643.83,1782.12,2022.84,1639.02,1129.66,2245.83,2342.86,32.5,2749.91,1918.27,1583.09,770.73,2889.64,2641.0,2106.06,2455.9,1847.65,2935.94,1566.79
2689.92,4894.76,1505.34,1037.69,903.81,2593.25,1966.49,2593.39,3480.21,1037.23,2000.36,0.0,1946.53,3588.68,1156.33,2818.38,826.01,2117.74,4921.48,2829.2,4361.39,2727.09,4666.19,1635.49,2005.05,696.42,2860.01,4153.78,2573.83,4375.46,2727.09,3143.64,1283.88,2567.27,4928.81,1727.68,1459.8,4235.4,538.28,3308.08,1910.77,1044.74,2877.34,2134.01,2638.96,3489.54,1213.3,2844.75,562.15,3897.62,3011.27,2978.6,1474.42,2912.18,3884.15,3731.75,1654.83,1945.0,2216.63,2864.11,3771.86,1068.33,1999.77,4894.8,2978.6,2691.24,2408.6,1987.8,1355.84,3879.82,2385.07,2538.45,3469.77,3566.79,2004.83,3998.17,1842.49,2567.27,2435.96,4113.57,2141.47,2567.66,2683.82,1652.63,4184.2,2714.32
1569.0,3161.21,2895.15,1418.88,1472.81,1231.83,1553.49,1894.71,1746.67,1275.01,136.75,1949.26,0.0,2405.54,1257.28,1084.83,1191.81,3466.71,3187.94,1095.65,3184.83,1996.09,3367.31,345.25,77.9,1870.94,1683.46,2420.23,1483.59,2970.35,1996.09,1708.08,1339.16,1630.47,3195.26,2598.69,1609.16,3058.84,2478.72,2131.53,2890.76,1545.55,1708.76,3216.89,1679.35,2378.24,2897.56,2146.07,1831.31,2672.05,2101.17,1617.19,1648.74,1735.62,2707.6,2555.2,2479.27,2623.83,3207.27,1743.19,2038.31,1286.42,2666.09,3161.25,1617.19,1570.32,1813.58,1574.8,1713.09,2146.27,1686.4,1177.04,2293.22,2390.24,169.25,2821.61,1849.25,1630.47,818.11,2937.02,2688.39,2153.44,2503.28,1778.63,3007.65,1614.18
1226.91,1762.88,2896.95,3061.7,2790.83,1302.61,1796.88,1787.23,1889.29,2753.06,2281.15,3625.74,2389.81,0.0,2804.48,1392.82,3201.98,3468.51,1710.58,1384.92,946.7,1427.4,1230.64,2338.09,2383.81,3825.64,812.66,1409.0,1352.23,939.92,1427.4,974.82,2346.26,1632.27,1798.96,2600.49,2506.44,805.48,3816.15,458.03,2892.56,2863.56,1065.75,3218.69,1681.15,1348.41,3678.12,1627.37,3841.48,462.07,1974.15,1204.83,3796.55,1102.66,448.6,681.03,2481.07,2625.63,3209.07,1137.12,1131.91,2764.47,2667.89,1758.51,1204.83,1199.18,1815.38,1818.19,2610.37,1991.02,1608.76,1330.77,1339.88,1436.91,2268.9,562.62,2344.88,1632.27,1706.42,745.86,2690.19,2155.24,2505.08,2538.1,748.66,1241.28
1841.07,4173.1,1771.92,429.53,332.9,1687.65,1117.63,1744.53,2758.55,135.09,1281.69,1167.81,1282.42,2739.82,0.0,2096.72,921.42,2378.7,4199.83,2107.53,3512.53,1878.24,3817.34,916.83,1340.94,1367.71,2011.15,3432.12,1724.97,3526.61,1878.24,2238.04,435.02,1718.42,4207.15,1818.48,671.83,3386.54,1652.18,2459.22,2001.57,405.63,2028.49,2327.7,1790.1,2640.69,1757.65,1995.89,1444.98,3048.76,2162.41,2073.0,1515.99,2063.32,3035.29,2882.89,1789.78,2079.94,2470.04,2015.25,3050.2,146.51,2134.71,4173.14,2073.0,1842.38,1741.04,1138.94,775.76,3158.16,1536.22,1632.85,2620.91,2717.94,1286.16,3149.31,993.63,1718.42,1634.21,3264.72,2276.42,2308.26,2658.1,841.3,3335.35,1865.46
1577.21,2092.37,3233.47,2348.42,2355.72,1094.98,2133.4,2233.03,939.65,2187.23,1003.29,2878.8,1127.16,1320.73,2169.5,0.0,2121.35,3805.03,2119.09,10.81,2172.61,2037.5,2298.47,1257.46,1105.95,2800.48,1422.77,1351.39,1821.92,1901.51,2037.5,623.27,1941.39,1968.8,2137.22,2937.02,2211.39,2031.39,3408.26,1405.84,3229.08,2428.45,1257.67,3555.21,2017.67,2159.3,3780.46,2265.73,2760.85,1587.24,2439.5,1303.06,2642.07,1712.77,1671.75,1906.94,2817.59,2962.16,3545.6,1376.47,969.47,2198.64,3004.41,2096.77,1303.06,1549.48,2151.9,2154.71,2315.32,1116.09,2024.72,1133.54,2074.27,2171.3,991.04,1788.53,2451.48,1968.8,1156.43,1971.77,3026.71,2491.76,2841.6,2380.86,1974.56,1591.58
2382.14,4090.04,2172.74,452.95,1041.66,2044.97,1849.07,2475.97,2675.5,843.85,1195.65,834.08,1141.82,3225.26,876.47,2013.67,0.0,2785.14,4116.77,2024.48,3997.97,2609.68,4296.14,830.78,1200.34,755.75,2496.59,3349.07,2296.73,3899.19,2609.68,2595.36,1166.46,2443.61,4124.1,2395.08,1403.27,3871.98,1363.53,2944.66,2578.17,1114.39,2521.9,2801.41,2492.48,3191.38,2038.55,2727.33,716.13,3534.2,2893.85,2430.32,671.2,2548.76,3520.73,3368.33,2322.23,2612.4,2884.03,2556.32,2967.14,855.26,2667.17,4090.09,2430.32,2383.45,2472.48,1870.38,1507.2,3075.11,2267.66,1990.18,3106.35,3203.38,1200.11,3634.75,1725.07,2443.61,1631.24,3750.16,2808.88,2966.57,3316.42,1572.74,3820.79,2427.31
2632.2,5015.6,804.82,2372.04,2196.55,3204.94,2190.59,2405.56,4184.85,2329.97,3284.11,2106.86,3392.76,3475.32,2449.07,3627.93,2863.93,0.0,4963.3,3638.74,3940.6,2539.26,4552.83,3249.88,3386.77,2776.83,2746.65,4335.99,2537.46,4192.64,2539.26,3363.31,2258.8,2220.06,5051.69,1028.26,2043.1,3814.61,1891.7,3194.72,630.98,2337.48,2819.62,546.26,2291.75,3100.23,1753.67,2656.92,2663.86,3784.26,2823.44,3016.38,3458.5,2798.82,3770.79,3618.39,1090.88,1403.45,417.22,2806.38,3954.07,2361.07,1458.23,5011.23,3016.38,2633.51,1867.06,2177.84,1939.15,4659.26,2197.25,3233.09,3356.41,3207.03,3271.86,3884.81,2007.04,2220.06,2934.31,3652.6,1599.93,2026.11,2142.28,1930.32,3978.1,2677.37
2823.9,177.53,4432.84,4401.54,4387.82,2720.45,3393.86,3367.09,1859.7,4240.35,3056.42,4931.93,3180.29,1715.57,4222.63,2197.18,4174.48,5004.95,0.0,2189.28,1687.43,3024.38,1077.47,3310.59,3159.08,4853.6,2409.65,773.76,2949.22,845.35,3024.38,2138.65,3943.25,3229.26,113.43,4197.48,4103.43,1561.43,5352.04,2055.02,4429.0,4460.55,2662.73,4755.12,3278.13,2671.47,5214.01,3189.82,4813.98,1579.99,2978.95,2749.41,4695.19,2699.65,1424.53,1860.47,4016.96,3786.63,4737.9,2734.11,1155.61,4251.77,3606.8,72.97,2749.41,2796.17,3361.04,3415.18,4207.36,1415.62,3205.74,2759.01,2436.47,2407.51,3044.17,1262.22,3941.87,3229.26,3134.66,1486.59,3629.09,3094.14,3388.62,4135.09,1537.92,2838.27
1566.4,2081.55,3277.71,2392.66,2399.96,1125.09,2177.64,2277.27,950.91,2231.47,1047.53,2923.04,1171.4,1309.92,2213.74,100.18,2165.59,3849.27,2108.28,0.0,2161.79,2026.69,2287.65,1301.7,1150.19,2844.72,1411.96,1340.58,1851.78,1890.7,2026.69,612.46,1985.63,2013.03,2126.41,2981.25,2255.63,2020.58,3452.5,1395.03,3273.32,2472.69,1246.86,3599.45,2061.91,2148.49,3824.7,2254.92,2805.09,1576.42,2483.74,1292.24,2686.31,1701.95,1660.93,1896.13,2861.83,3006.4,3589.84,1365.66,958.65,2242.88,3048.65,2085.95,1292.24,1538.67,2196.14,2198.95,2359.56,1105.28,2068.96,1163.64,2063.46,2160.49,1035.28,1777.71,2495.72,2013.03,1200.67,1960.96,3070.95,2536.0,2885.84,2425.1,1963.75,1580.77
1993.19,1712.08,3302.21,3826.59,3555.72,2068.89,2483.81,2236.46,2578.17,3517.95,3046.04,4390.63,3154.7,887.54,3569.36,2148.52,3966.87,3874.32,1659.77,2140.63,0.0,2167.06,1250.0,3102.98,3148.71,4590.53,1578.94,1499.02,2117.12,889.11,2167.06,1730.53,3111.15,2252.9,1748.16,3077.57,3271.33,154.28,4221.41,1224.31,3298.37,3628.45,1832.02,3624.49,2301.77,1540.84,4083.38,2107.47,4606.37,1023.77,1848.32,1971.11,4561.44,1834.93,868.31,618.56,2886.33,2656.0,3607.27,1903.4,1680.54,3529.36,2476.17,1707.71,1971.11,1965.46,2230.41,2505.12,3375.26,2175.41,2363.86,2097.04,1194.56,1276.88,3033.79,757.32,3031.81,2252.9,2472.7,244.68,2498.46,1963.51,2257.99,3231.55,529.16,2007.56
965.19,3082.92,2061.89,2175.03,1904.16,1501.69,805.98,364.93,2577.73,1866.39,1847.84,2739.07,1956.5,1481.28,1917.8,2081.26,2666.92,2633.46,3038.72,2073.36,2147.46,0.0,2558.79,1904.78,1950.5,2938.97,752.61,2341.95,655.15,2268.06,0.0,1425.34,1459.59,637.7,3127.11,1765.44,1619.77,2021.47,2981.09,1200.68,2057.5,1976.89,1053.26,2383.63,547.76,878.11,2843.07,233.32,3016.23,1790.21,551.84,1316.33,3261.49,778.92,1776.75,1517.83,1646.02,1856.07,2374.02,1124.64,1960.02,1877.8,1898.33,3086.65,1316.33,1004.66,960.3,827.29,1723.7,2730.37,361.14,1529.84,1176.28,1232.47,1835.59,1890.76,1353.98,637.7,1498.04,1899.65,1920.63,1385.68,1735.52,1671.32,2076.8,1096.75
2356.55,1251.48,4026.59,4191.34,3920.47,2432.26,2926.52,2916.88,2225.43,3882.7,3241.91,4755.38,3365.78,1248.23,3934.12,2382.67,4331.62,4598.15,1073.96,2374.77,1306.09,2557.04,0.0,3467.74,3344.57,4955.28,1942.31,1146.29,2481.88,447.89,2557.04,2091.22,3475.9,2761.91,1187.39,3730.14,3636.08,1180.1,4945.79,1587.67,4022.2,3993.2,2195.39,4348.33,2810.79,2290.13,4807.76,2722.47,4971.12,1112.64,2597.62,2334.47,4880.69,2232.3,957.18,1479.13,3610.71,3405.29,4338.72,2266.76,1341.1,3894.11,3225.46,1146.93,2334.47,2328.82,2945.02,2947.83,3740.01,1822.67,2738.4,2460.41,2055.13,2026.18,3229.66,794.87,3474.52,2761.91,2836.06,1105.25,3247.75,2712.81,3007.28,3667.74,1156.58,2370.92
1570.45,3278.36,2566.59,1090.95,1127.57,1233.29,1349.93,1896.17,1863.82,929.76,383.96,1621.34,384.69,2413.58,912.03,1201.99,863.89,3173.37,3305.09,1212.8,3186.29,1997.54,3484.46,0.0,443.21,1543.01,1684.91,2537.39,1485.05,3087.51,1997.54,1783.68,1135.61,1631.93,3312.41,2600.15,1398.06,3060.3,2150.79,2132.98,2796.24,1200.3,1710.21,3122.37,1680.8,2379.7,2552.31,2147.53,1503.39,2722.52,2102.63,1618.64,1458.46,1737.08,2709.05,2556.65,2480.73,2625.29,3208.73,1744.64,2155.46,941.17,2667.54,3278.4,1618.64,1571.77,1815.03,1371.24,1501.99,2263.43,1687.85,1178.5,2294.67,2391.7,388.43,2823.07,1645.69,1631.93,819.56,2938.47,2689.84,2154.89,2504.74,1567.53,3009.1,1615.63
1580.47,3096.62,2906.61,1496.91,1550.84,1243.3,1631.52,1906.18,1682.08,1353.04,58.85,2027.29,97.41,2340.96,1335.31,1020.25,1269.84,3478.18,3123.35,1031.06,3192.83,2007.56,3302.72,423.27,0.0,1948.96,1694.92,2355.65,1495.06,2905.77,2007.56,1643.5,1417.19,1641.94,3130.68,2610.16,1687.18,3051.62,2556.74,2142.99,2902.23,1623.57,1720.23,3228.35,1690.81,2389.71,2975.59,2157.54,1909.34,2607.47,2112.64,1628.65,1725.55,1747.09,2691.98,2566.66,2490.74,2635.3,3218.74,1754.66,1973.72,1364.45,2677.56,3096.67,1628.65,1581.78,1825.05,1652.83,1791.12,2081.69,1697.87,1188.51,2304.68,2401.71,91.35,2808.75,1927.27,1641.94,829.58,2948.49,2699.85,2164.9,2514.75,1856.65,2994.79,1625.64
2890.02,4798.66,2124.73,1161.56,1103.91,2753.58,2166.59,2793.49,3384.11,1237.33,1904.26,696.42,1850.43,3788.78,1356.43,2722.28,770.21,2737.13,4825.39,2733.1,4561.49,2927.19,4866.29,1539.4,1908.95,0.0,3060.11,4057.68,2773.93,4575.57,2927.19,3303.98,1483.98,2767.37,4832.71,2347.07,1659.9,4435.5,1093.35,3508.18,2530.15,1244.84,3077.44,2753.4,2839.06,3689.64,1894.75,3044.85,430.38,4097.72,3211.37,3138.94,1218.51,3112.28,4084.25,3931.85,2274.22,2564.39,2836.02,3064.21,3675.76,1268.44,2619.16,4798.7,3138.94,2891.34,2664.41,2187.9,1555.94,3783.72,2585.18,2698.79,3669.87,3766.9,1908.73,4198.27,2042.59,2767.37,2339.86,4313.67,2760.86,3187.04,3303.21,1890.26,4384.3,2914.42
633.36,2461.64,2232.16,2396.91,2126.04,920.63,1132.09,1122.44,1956.45,2088.27,1616.36,2960.95,1725.02,859.99,2139.69,1459.98,2537.19,2803.72,2417.44,1452.08,1653.56,762.61,1937.51,1673.3,1719.03,3160.85,0.0,1720.67,687.44,1646.78,762.61,804.06,1681.47,967.48,2505.83,1935.7,1841.65,1512.35,3151.36,579.39,2227.77,2198.77,472.2,2553.9,1016.36,884.4,3013.33,990.84,3176.69,1168.93,1309.36,735.27,3131.76,340.19,1155.47,1061.36,1816.28,1960.84,2544.28,543.57,1338.74,2099.68,2003.1,2465.37,735.27,605.63,1150.59,1153.4,1945.58,2109.09,943.97,948.78,799.38,896.4,1604.11,1269.48,1680.09,967.48,1266.56,1443.18,2025.4,1490.45,1840.29,1873.31,1455.52,647.73
2118.97,741.05,3789.01,3627.86,3635.16,1946.77,2688.94,2679.3,1086.01,3466.67,2282.73,4158.24,2406.6,1403.42,3448.94,1423.49,3400.79,4360.58,767.78,1415.59,1592.86,2319.46,1181.83,2536.91,2385.39,4079.92,1704.73,0.0,2244.3,750.79,2319.46,1364.97,3220.83,2524.34,785.91,3492.56,3398.5,1466.87,4687.7,1599.94,3784.62,3707.89,1930.34,4110.75,2573.21,2441.26,4570.19,2547.69,4040.29,1185.85,2866.21,1975.72,3921.51,1994.72,1270.36,1765.91,3373.14,3517.7,4101.14,2029.19,381.92,3478.08,3512.24,745.45,1975.72,2091.25,2707.44,2710.25,3502.44,683.25,2500.82,1985.32,2341.91,2312.95,2270.48,1167.66,3236.95,2524.34,2360.97,1392.03,3534.53,2999.58,3294.06,3430.16,1443.35,2133.35
498.61,3004.9,1959.56,1996.6,1725.73,1077.23,710.28,537.26,2244.51,1687.96,1343.77,2560.64,1452.42,1403.25,1739.38,1687.58,2264.59,2531.12,2960.69,1698.4,2175.96,636.88,2480.76,1400.71,1446.43,2760.54,674.58,2263.92,0.0,2190.03,636.88,1235.6,1281.16,694.89,3049.08,1663.11,1441.34,2049.96,2878.76,1122.65,1955.17,1798.46,691.91,2281.3,729.73,1369.36,2740.73,754.53,2837.81,1712.19,955.14,888.67,2859.16,726.74,1698.72,1546.32,1543.69,1688.25,2271.69,678.68,1881.99,1699.38,1730.5,3008.63,888.67,499.92,877.99,731.59,1545.28,2540.63,340.55,1083.68,1284.34,1381.36,1331.52,1812.73,1196.55,694.89,993.96,1928.14,1752.8,1217.85,1567.69,1513.88,1998.77,549.66
2031.06,1014.71,3640.0,3865.85,3594.98,2106.76,2601.02,2574.25,1841.15,3557.21,2846.1,4429.88,2969.97,922.73,3608.62,1986.86,3964.16,4212.11,962.4,1978.96,894.58,2231.54,431.05,3100.27,2948.76,4629.78,1616.81,762.01,2156.38,0.0,2231.54,1750.14,3150.41,2436.42,1050.79,3404.64,3310.59,768.59,4559.2,1262.18,3636.16,3667.71,1869.89,3962.28,2485.29,1878.63,4421.17,2396.98,4603.66,787.15,2186.11,2008.98,4484.88,1906.81,631.69,1067.63,3224.12,2993.79,3945.06,1941.27,945.29,3568.62,2813.96,1010.33,2008.98,2003.33,2568.2,2622.34,3414.52,1438.39,2412.9,2134.92,1643.63,1614.67,2833.85,469.38,3149.03,2436.42,2510.57,693.75,2836.25,2301.3,2595.78,3342.25,745.07,2045.43
965.19,3082.92,2061.89,2175.03,1904.16,1501.69,805.98,364.93,2577.73,1866.39,1847.84,2739.07,1956.5,1481.28,1917.8,2081.26,2666.92,2633.46,3038.72,2073.36,2147.46,0.0,2558.79,1904.78,1950.5,2938.97,752.61,2341.95,655.15,2268.06,0.0,1425.34,1459.59,637.7,3127.11,1765.44,1619.77,2021.47,2981.09,1200.68,2057.5,1976.89,1053.26,2383.63,547.76,878.11,2843.07,233.32,3016.23,1790.21,551.84,1316.33,3261.49,778.92,1776.75,1517.83,1646.02,1856.07,2374.02,1124.64,1960.02,1877.8,1898.33,3086.65,1316.33,1004.66,960.3,827.29,1723.7,2730.37,361.14,1529.84,1176.28,1232.47,1835.59,1890.76,1353.98,637.7,1498.04,1899.65,1920.63,1385.68,1735.52,1671.32,2076.8,1096.75
953.94,2105.94,2868.91,2541.0,2294.18,581.8,1768.84,1692.55,1152.39,2245.58,1566.91,3129.09,1690.78,943.51,2227.86,655.92,2631.19,3440.47,2132.67,648.02,1795.38,1414.23,2079.33,1767.3,1669.57,3310.31,799.5,1364.97,1239.32,1730.17,1414.23,0.0,1879.86,1604.23,2150.8,2572.45,2149.85,1654.17,3613.47,796.12,2864.52,2366.92,634.4,3190.65,1653.11,1536.03,3650.08,1642.46,3270.69,1210.01,1960.98,679.78,3205.69,1089.5,1294.52,1465.8,2453.03,2597.59,3181.03,753.2,983.04,2257.0,2639.85,2110.34,679.78,926.21,1787.34,1790.15,2253.79,1305.03,1495.85,620.35,1451.0,1548.03,1554.66,1411.3,2203.24,1604.23,996.01,1594.55,2662.15,2127.2,2477.04,2319.32,1597.34,968.31
1406.08,3906.48,1659.33,715.47,444.6,1339.65,682.64,1309.54,2520.7,406.83,1365.52,1279.51,1366.25,2304.83,458.25,1858.87,1207.37,2266.1,3862.28,1869.68,3077.54,1443.25,3382.35,1140.47,1424.77,1479.41,1576.17,3165.51,1289.98,3091.62,1443.25,1890.04,0.0,1283.43,3950.67,1670.52,300.27,2951.55,1763.88,2024.23,1888.98,517.33,1593.5,2215.1,1355.11,2205.7,1869.34,1560.9,1556.68,2613.77,1727.42,1725.0,1801.94,1628.33,2600.31,2447.91,1654.21,1844.73,2357.45,1580.27,2783.58,418.24,1899.5,3910.21,1725.0,1407.4,1306.05,703.95,404.2,2920.31,1101.23,1284.85,2185.92,2282.95,1369.99,2714.32,558.64,1283.43,1289.38,2829.73,2041.21,1873.27,2223.11,469.74,2900.36,1430.47
879.78,3261.43,1674.56,2000.21,1729.34,1452.53,631.16,422.58,2432.44,1691.57,1531.7,2564.25,1640.35,1722.91,1742.99,1875.52,2452.53,2246.12,3209.12,1886.33,2186.42,600.32,2799.34,1588.64,1634.36,2764.15,994.24,2583.58,794.38,2438.46,600.32,1610.9,1284.77,0.0,3297.51,1378.1,1444.95,2060.43,2593.76,1442.31,1670.17,1802.07,1067.21,1996.3,115.7,1162.44,2455.73,717.98,2841.42,2031.85,650.2,1263.97,3047.1,1046.41,2018.38,1865.98,1258.68,1408.11,1986.69,1053.97,2201.66,1702.98,1450.37,3257.05,1263.97,881.1,489.59,652.48,1548.89,2906.84,458.03,1480.68,1504.4,1452.85,1519.45,2132.4,1179.17,0.0,1181.9,1898.43,1472.67,937.72,1287.56,1335.02,2223.92,924.96
2910.79,195.65,4521.17,4412.42,4419.72,2738.58,3480.75,3455.43,1855.46,4251.23,3067.29,4942.8,3191.16,1803.91,4233.5,2208.41,4185.35,5093.28,113.43,2207.41,1775.76,3111.27,1190.9,3321.47,3169.95,4864.48,2496.54,791.89,3036.11,933.68,3111.27,2156.78,4005.39,3316.15,0.0,4284.37,4190.32,1649.77,5440.38,2143.35,4517.33,4492.45,2722.15,4843.46,3365.02,2759.8,5302.35,3278.15,4824.85,1668.32,3067.28,2767.53,4706.07,2786.53,1512.86,1948.8,4105.3,3874.96,4826.24,2821.0,1173.73,4262.64,3695.13,40.46,2767.53,2883.06,3449.37,3502.06,4294.25,1384.02,3292.63,2777.13,2524.8,2495.84,3055.04,1350.55,4028.76,3316.15,3152.79,1574.92,3717.42,3182.47,3476.95,4221.97,1626.25,2925.16
1785.03,4229.8,563.36,1962.9,1665.64,2357.77,1343.42,1558.39,3337.68,1799.05,2436.94,1697.72,2545.6,2628.15,1918.16,2780.76,2454.8,1041.01,4179.85,2791.57,3157.16,1692.09,3705.67,2493.88,2539.6,2367.69,1899.48,3488.82,1690.29,3409.19,1692.09,2516.14,1676.49,1372.89,4268.24,0.0,1512.19,3031.17,1482.56,2347.55,465.06,1806.57,1972.45,791.18,1444.58,2316.78,1344.53,1809.75,2254.72,2937.09,1976.27,2169.21,3049.37,1951.65,2923.62,2771.22,206.45,620.01,933.53,1959.21,3106.9,1830.16,674.78,4227.79,2169.21,1786.34,1019.89,1330.68,1408.23,3812.09,1350.08,2385.92,2509.24,2423.58,2424.69,3037.64,1317.66,1372.89,2087.14,2869.16,816.49,1242.67,1358.84,1240.94,3194.66,1830.2
1567.35,4067.75,1455.29,952.28,681.41,1609.64,843.91,1470.81,2790.69,643.64,1635.52,1446.43,1636.25,2466.1,695.05,2128.86,1444.17,2062.06,4023.55,2139.67,3238.81,1604.52,3543.62,1407.48,1694.76,1646.33,1737.43,3326.77,1451.25,3252.89,1604.52,2160.03,300.27,1444.7,4111.94,1501.85,0.0,3112.82,1774.86,2185.5,1684.94,754.14,1754.77,2011.06,1516.38,2366.97,1774.1,1722.17,1723.6,2775.04,1888.69,1951.53,2038.74,1789.6,2761.57,2609.18,1473.14,1761.74,2153.41,1741.54,2944.85,655.05,1816.51,4071.48,1951.53,1568.66,1378.34,865.22,103.96,3190.3,1262.5,1554.85,2347.19,2444.22,1639.98,2875.59,644.81,1444.7,1559.37,2991.0,1958.22,2034.54,2384.38,386.75,3061.63,1591.74
1860.35,1603.07,3242.28,3695.14,3424.27,1936.05,2423.88,2176.53,2469.16,3386.5,2914.59,4259.18,3023.25,754.7,3437.91,2015.69,3835.42,3814.39,1550.76,2007.79,149.46,2060.84,1140.99,2971.53,3017.25,4459.08,1446.1,1390.01,1985.67,780.1,2060.84,1597.69,2979.7,2192.97,1639.15,3017.63,3139.88,0.0,4161.48,1091.47,3238.43,3497.0,1699.19,3564.56,2241.84,1480.9,4023.45,2047.54,4474.92,914.75,1788.39,1838.27,4429.99,1736.1,759.3,558.63,2826.4,2596.06,3547.34,1770.56,1571.53,3397.91,2416.23,1598.69,1838.27,1832.62,2170.48,2445.19,3243.81,2066.4,2242.19,1964.21,1134.63,1216.95,2902.34,648.31,2971.88,2192.97,2339.86,184.75,2438.53,1903.58,2198.05,3171.54,375.18,1874.72
2965.2,5348.61,1296.8,1539.39,1388.39,3077.82,2451.06,2738.56,4009.67,1521.8,2529.81,538.28,2475.99,3808.32,1640.91,3347.84,1355.46,1909.2,5296.3,3358.65,4273.6,2872.26,4885.84,2164.95,2534.5,1093.69,3079.65,4668.99,2870.46,4525.64,2872.26,3628.21,1768.45,2553.06,5384.69,1519.14,1774.86,4147.61,0.0,3527.72,1702.22,1529.32,3152.62,1925.47,2624.75,3433.23,801.41,2989.92,881.46,4117.26,3156.44,3349.38,1797.42,3131.82,4103.79,3951.39,1446.29,1736.45,2008.09,3139.39,4287.07,1552.91,1791.23,5344.23,3349.38,2966.51,2200.06,2472.37,1670.91,4409.27,2530.25,3023.03,3689.41,3540.03,2534.28,4217.81,2099.1,2553.06,2965.41,3985.61,1932.93,2359.11,2475.28,1805.66,4311.1,3010.37
982.75,2107.87,2652.78,2817.54,2546.66,1058.45,1552.71,1543.07,1943.64,2508.9,2036.99,3381.57,2145.64,498.12,2560.31,1447.16,2957.82,3224.35,2055.57,1439.27,1291.69,1183.23,1575.63,2093.93,2139.65,3581.47,568.5,1594.57,1108.07,1284.91,1183.23,796.67,2102.1,1388.11,2143.96,2356.33,2262.28,1150.47,3571.99,0.0,2648.4,2619.4,821.58,2974.52,1436.98,1196.27,3433.96,1398.73,3597.31,807.06,1729.98,960.67,3552.39,858.49,793.59,861.05,2236.91,2381.47,2964.91,892.96,1225.36,2520.31,2423.73,2103.5,960.67,955.02,1571.21,1574.03,2366.21,2084.48,1364.59,1086.6,1111.24,1208.27,2024.74,907.61,2100.72,1388.11,1462.26,1090.85,2446.02,1911.07,2260.92,2293.93,1093.65,997.12
2055.82,4453.47,724.44,2123.98,1826.71,2628.56,1614.21,1829.18,3608.48,1960.13,2707.74,1858.8,2816.39,2898.95,2079.23,3051.55,2615.87,605.15,4401.17,3062.37,3378.47,1962.89,3976.46,2764.68,2810.4,2528.77,2170.28,3759.62,1961.08,3630.51,1962.89,2786.93,1888.96,1643.69,4489.55,448.44,1673.26,3252.48,1643.64,2618.35,0.0,1967.64,2243.24,355.33,1715.37,2538.09,1505.61,2080.54,2415.8,3207.89,2247.06,2440.0,3210.44,2222.45,3194.42,3042.02,511.05,841.32,497.67,2230.01,3377.7,1991.23,896.09,4449.1,2440.0,2057.14,1290.69,1601.47,1569.31,4082.88,1620.87,2656.72,2780.04,2644.9,2695.49,3308.44,1637.2,1643.69,2357.94,3090.47,1037.8,1463.98,1580.15,1560.48,3415.97,2101.0
1969.8,4468.72,1660.4,693.44,221.38,1873.12,1246.36,1873.26,3054.18,317.11,1601.89,1056.29,1602.62,2868.56,436.21,2392.34,1185.33,2267.17,4426.0,2403.16,3641.26,2006.97,3946.07,1237.02,1661.13,1256.18,2139.89,3727.74,1853.7,3655.34,2006.97,2423.52,563.75,1847.15,4502.77,1706.96,800.56,3515.27,1540.66,2587.96,1890.05,0.0,2157.22,2216.17,1918.84,2769.42,1646.12,2124.63,1333.45,3177.49,2291.15,2258.48,1779.9,2192.05,3164.03,3011.63,1678.25,1968.42,2358.52,2143.99,3345.82,348.21,2023.19,4468.76,2258.48,1971.12,1869.78,1267.68,767.19,3453.78,1664.95,1818.33,2749.65,2846.67,1606.35,3278.04,1122.36,1847.15,1822.86,3393.45,2164.9,2436.99,2707.25,970.03,3464.08,1994.2
431.8,2676.67,2346.77,2426.65,2155.78,494.27,1246.7,1170.42,1801.27,2118.01,1612.43,2990.69,1721.09,1136.2,2129.93,1304.79,2533.26,2918.33,2693.65,1296.9,1929.77,1096.17,2213.72,1669.37,1715.09,3190.59,475.87,1935.69,717.19,1922.99,1096.17,648.88,1711.21,1082.09,2721.52,2050.32,1871.39,1788.56,3265.97,855.6,2342.38,2228.51,0.0,2668.51,1130.97,1185.34,3127.94,1324.39,3172.76,1445.14,1552.8,355.55,3127.83,572.13,1431.68,1362.3,1930.9,2075.46,2658.9,231.06,1553.77,2129.43,2117.71,2681.06,355.55,404.08,1265.2,1268.01,1975.33,1953.9,973.71,522.43,1100.32,1197.34,1600.18,1545.69,1786.71,1082.09,898.08,1728.93,2140.01,1605.06,1954.91,1972.49,1731.73,446.17
2414.52,4812.17,831.26,2398.48,2185.41,2987.26,1972.91,2187.88,3967.18,2318.83,3066.44,2133.3,3175.09,3257.65,2437.93,3410.25,2890.38,556.43,4759.87,3421.07,3737.17,2321.59,4335.16,3123.38,3169.1,2803.27,2528.98,4118.32,2319.78,3989.21,2321.59,3145.63,2247.67,2002.39,4848.25,807.14,2031.96,3611.18,1918.14,2977.05,409.86,2326.34,2601.94,0.0,2074.07,2896.79,1780.11,2439.25,2690.3,3566.59,2605.76,2798.71,3484.95,2581.15,3553.12,3400.72,869.76,1200.02,482.27,2588.71,3736.4,2349.94,1254.79,4807.8,2798.71,2415.84,1649.39,1960.17,1928.01,4441.58,1979.57,3015.42,3138.74,3003.6,3054.19,3667.14,1995.9,2002.39,2716.64,3449.17,1396.5,1822.68,1938.85,1919.18,3774.67,2459.7
951.38,3304.32,1746.16,2071.81,1800.94,1524.12,702.76,331.53,2504.04,1763.17,1603.3,2635.85,1711.95,1794.51,1814.58,1947.11,2524.12,2317.72,3252.01,1957.93,2229.31,509.27,2842.24,1660.24,1705.96,2835.75,1065.84,2655.18,725.66,2481.35,509.27,1682.49,1356.37,114.59,3340.4,1449.7,1516.55,2103.32,2665.36,1513.91,1741.77,1873.67,1138.8,2067.89,0.0,1071.39,2527.33,626.93,2913.01,2103.44,559.15,1335.56,3118.69,1118.0,2089.98,1937.58,1330.28,1451.01,2058.28,1125.57,2273.25,1774.58,1493.26,3299.94,1335.56,952.7,561.18,724.07,1620.48,2978.44,397.05,1552.28,1413.35,1425.75,1591.05,2203.99,1250.76,114.59,1253.49,1941.32,1515.56,980.61,1330.45,1406.62,2266.81,996.55
1279.86,2639.3,2654.02,2926.34,2655.47,1574.57,1557.29,1106.95,2683.78,2617.7,2238.52,3490.38,2347.17,1344.59,2669.12,2187.3,3159.34,3226.13,2587.0,2179.41,1534.02,871.34,2177.22,2295.46,2341.18,3690.28,858.65,2426.25,1309.6,1816.34,871.34,1531.39,2210.9,1379.37,2675.39,2429.38,2371.08,1408.03,3573.22,1158.19,2650.18,2728.2,1126.14,2976.3,1289.43,0.0,3435.19,697.11,3767.55,1653.53,1170.89,1389.21,3753.92,1027.41,1640.06,1025.63,2238.14,2007.81,2959.08,1197.52,2066.07,2629.11,1827.97,2634.93,1389.21,1259.58,1582.22,1578.61,2475.01,2836.41,1112.45,1602.72,362.4,374.81,2226.27,1684.54,2105.3,1379.37,1888.72,1276.3,1850.27,1315.32,1609.8,2422.64,1601.8,1301.68
2893.06,5276.47,1224.66,1634.68,1483.68,3173.11,2451.45,2666.42,4354.16,1617.09,2901.87,1206.72,2902.6,3736.18,1736.2,3692.33,2023.91,1837.06,5224.16,3703.15,4201.47,2800.13,4813.7,2537.01,2961.12,1877.8,3007.51,4596.86,2798.32,4453.5,2800.13,3624.17,1863.74,2480.92,5312.55,1447.0,1763.93,4075.48,784.11,3455.58,1630.09,1624.61,3080.48,1853.33,2552.61,3361.09,0.0,2917.78,1665.57,4045.12,3084.3,3277.24,2581.52,3059.68,4031.66,3879.26,1374.15,1664.32,1935.95,3067.25,4214.93,1648.2,1719.09,5272.09,3277.24,2894.38,2127.92,2438.71,1659.97,4753.77,2458.11,3118.32,3617.27,3467.89,2906.34,4145.67,2081.55,2480.92,3122.84,3913.47,1860.8,2286.98,2403.15,1794.72,4238.97,2938.23
1061.93,3232.87,2158.64,2271.77,2000.9,1674.82,902.72,409.84,2750.86,1963.13,1944.58,2835.81,2053.24,1635.69,2014.55,2254.39,2763.67,2730.2,3180.57,2246.49,2118.79,216.77,2713.21,2001.53,2047.25,3035.71,925.74,2515.08,751.89,2409.91,216.77,1598.47,1556.33,682.25,3268.95,1862.18,1716.51,1992.8,3077.84,1373.81,2154.25,2073.63,1226.39,2480.37,592.32,693.12,2939.81,0.0,3112.98,1944.63,473.77,1489.46,3358.24,952.05,1931.16,1508.7,1742.76,1792.24,2470.76,1297.77,2133.15,1974.54,1871.3,3228.5,1489.46,1101.41,1057.04,924.04,1820.44,2903.5,457.88,1702.97,1035.07,1047.48,1932.33,2045.18,1450.73,682.25,1594.78,1870.97,1893.59,1396.44,1753.06,1768.06,2171.55,1218.5
2980.84,4731.04,2080.78,1093.94,1194.74,2685.97,2257.41,2884.31,3316.5,1328.15,1836.64,580.59,1782.82,3866.26,1447.26,2654.67,702.59,2693.18,4757.77,2665.48,4638.96,3018.02,4937.14,1471.78,1841.33,441.21,3137.59,3990.06,2864.75,4540.18,3018.02,3236.36,1574.8,2858.2,4765.09,2303.12,1750.72,4512.97,901.01,3585.66,2486.2,1335.67,3162.89,2709.45,2929.88,3780.46,1702.41,3135.67,0.0,4175.19,3302.19,3071.32,915.96,3189.75,4161.73,4009.33,2230.27,2520.44,2792.07,3155.03,3608.14,1359.26,2575.21,4731.08,3071.32,2982.16,2755.24,2278.72,1646.76,3716.11,2676.0,2631.17,3747.35,3844.37,1841.11,4275.75,2133.41,2858.2,2272.24,4391.15,2716.91,3143.09,3259.26,1981.08,4461.78,3005.24
1582.78,1634.38,3252.82,3417.57,3146.7,1658.49,2152.75,2143.11,2048.19,3108.93,2546.4,3981.61,2670.27,474.46,3160.35,1635.41,3557.85,3824.38,1582.07,1627.51,1132.29,1783.27,1102.14,2693.97,2649.06,4181.51,1168.54,1180.54,1708.1,811.41,1783.27,1217.41,2702.13,1988.14,1670.46,2956.36,2862.31,991.08,4172.02,813.9,3248.43,3219.43,1421.62,3574.56,2037.02,1669.73,4033.99,1948.7,4197.35,0.0,2330.02,1560.7,4152.42,1458.53,155.46,1002.36,2836.94,2981.5,3564.95,1492.99,1088.76,3120.34,3023.76,1630.0,1560.7,1555.06,2171.25,2174.06,2966.25,1856.93,1964.63,1686.64,1661.21,1758.23,2534.15,434.11,2700.75,1988.14,2062.29,931.46,3046.06,2511.11,2833.49,2893.97,934.25,1597.15
1401.92,2990.71,2303.59,2471.65,2200.78,1935.22,1102.6,530.36,3008.77,2163.01,2108.03,3035.69,2216.69,1820.53,2214.42,2451.85,2963.54,2875.15,2938.4,2462.66,1915.7,568.87,2528.63,2164.97,2210.69,3235.58,1219.3,2777.65,986.36,2167.74,568.87,1892.04,1756.21,703.31,3026.79,2007.14,1916.39,1789.71,3222.79,1577.22,2299.2,2273.51,1486.79,2625.33,613.38,785.34,3084.76,552.97,3312.85,2129.47,0.0,1749.86,3558.11,1304.16,2116.0,1693.54,1887.71,1573.9,2615.72,1558.17,2426.72,2174.42,1652.95,2986.33,1749.86,1403.23,1029.79,1123.91,2020.32,3197.07,657.76,1963.38,1127.29,1139.7,2095.78,2035.94,1650.6,703.31,1758.23,1627.71,1675.25,1178.1,1489.2,1967.94,1953.2,1452.97
660.83,2668.47,2575.8,2361.2,2114.38,412.39,1475.73,1399.44,1793.07,2065.78,1530.55,2949.29,1639.21,1211.69,2048.05,1296.6,2451.38,3147.36,2695.2,1288.7,2005.26,1346.08,2289.21,1587.49,1633.21,3130.51,725.78,1927.5,946.21,1998.48,1346.08,640.68,1700.05,1311.12,2713.33,2279.34,1970.05,1864.05,3433.66,931.09,2571.41,2187.11,341.29,2897.53,1359.99,1435.26,3356.97,1574.31,3090.88,1520.63,1781.82,0.0,3045.95,820.58,1507.17,1600.78,2159.92,2304.48,2887.92,320.28,1545.57,2077.19,2346.74,2672.87,0.0,633.1,1494.23,1497.04,2073.98,1945.71,1202.73,440.55,1350.23,1447.26,1518.3,1621.18,2015.74,1311.12,816.2,1804.42,2369.03,1834.08,2183.93,2139.52,1807.22,675.2
3002.16,4612.36,2792.76,1072.97,1661.68,2664.99,2469.09,3095.99,3174.39,1463.87,1717.96,1439.07,1634.13,3845.28,1496.49,2535.99,681.62,3405.16,4639.09,2546.8,4617.99,3229.7,4818.46,1450.8,1692.65,1218.51,3116.61,3871.38,2916.75,4421.5,3229.7,3159.24,1786.48,3063.63,4646.41,3015.1,2023.29,4492.0,1801.41,3564.68,3198.19,1734.41,3141.92,3421.43,3112.5,3811.4,2602.81,3347.35,943.95,4123.2,3513.87,3050.34,0.0,3168.78,4140.75,3988.35,2942.25,3232.42,3504.05,3176.34,3489.46,1475.28,3287.19,4612.4,3050.34,3003.47,3092.5,2490.4,2127.22,3522.47,2887.68,2610.2,3726.37,3823.4,1722.43,4254.77,2345.09,3063.63,2251.26,4370.18,3428.9,3586.59,3936.44,2192.76,4440.81,3047.33
700.94,2744.64,2340.25,2505.0,2234.13,988.21,1240.18,1123.66,2239.45,2196.36,1724.45,3069.04,1833.11,1142.99,2247.78,1742.98,2645.28,2911.81,2700.44,1735.08,1936.56,763.82,2220.51,1781.4,1827.12,3268.94,330.96,2003.67,795.53,1929.78,763.82,1087.06,1789.56,1075.57,2788.83,2043.8,1949.74,1795.35,3259.45,862.39,2335.86,2306.86,540.74,2661.99,1124.45,1146.72,3121.42,992.05,3284.78,1451.93,1310.57,802.85,3239.85,0.0,1438.47,1323.68,1924.37,2068.94,2652.38,611.15,1621.74,2207.77,2111.19,2748.37,802.85,673.22,1258.68,1261.49,2053.68,2392.09,1052.06,1016.36,1061.69,1158.72,1712.2,1552.48,1788.18,1075.57,1374.65,1705.5,2133.49,1598.54,1948.38,1981.4,1738.52,715.32
1569.32,1478.92,3239.35,3404.11,3133.23,1645.02,2139.28,2129.64,2132.7,3095.47,2623.56,3968.14,2732.21,460.99,3146.88,1719.92,3544.39,3810.92,1426.61,1712.02,981.07,1769.8,946.68,2680.5,2726.22,4168.04,1155.07,1265.05,1694.64,655.95,1769.8,1301.92,2688.67,1974.68,1515.0,2942.9,2848.85,855.08,4158.56,800.44,3234.97,3205.97,1408.15,3561.09,2023.55,1656.27,4020.53,1935.23,4183.88,155.46,2272.6,1547.24,4138.96,1445.06,0.0,988.89,2823.48,2968.04,3551.48,1479.53,1173.27,3106.88,2900.44,1474.55,1547.24,1541.59,2157.78,2160.59,2952.78,1941.44,1951.16,1673.17,1647.74,1701.16,2611.31,278.65,2687.29,1974.68,2048.83,780.23,2922.74,2387.79,2682.26,2880.5,831.56,1583.69
1488.93,1869.32,3063.38,3228.13,2957.26,1735.94,1963.31,1918.85,2450.88,2919.49,2447.58,3792.17,2556.24,693.42,2970.91,1954.41,3368.41,3634.94,1817.02,1946.51,649.74,1568.6,1407.24,2504.52,2550.25,3992.07,1067.72,1656.27,1518.66,1046.36,1568.6,1474.16,2512.69,1798.7,1905.4,2766.92,2672.87,523.75,3982.58,868.86,3058.99,3029.99,1335.21,3385.12,1847.58,1168.05,3844.55,1509.01,4007.91,1002.36,1982.78,1598.28,3962.98,1236.47,988.89,0.0,2647.5,2792.06,3375.5,1406.58,1693.5,2930.9,2700.85,1864.95,1598.28,1468.65,1981.81,1984.62,2776.8,2332.65,1775.19,1764.09,753.59,850.61,2435.33,914.56,2511.31,1798.7,2097.78,401.92,2723.14,2188.19,2482.67,2704.53,791.22,1510.74
1681.55,4064.95,676.58,2076.12,1790.5,2254.29,1239.94,1454.91,3234.2,1923.92,2333.46,1810.94,2442.11,2524.67,2043.02,2677.28,2568.01,1124.62,4012.65,2688.09,2989.95,1588.61,3602.18,2390.4,2436.12,2480.91,1796.0,3385.34,1586.8,3241.99,1588.61,2412.66,1681.18,1269.41,4101.04,210.15,1598.19,2863.96,1595.78,2244.07,548.67,1931.43,1868.97,874.79,1341.09,2149.57,1457.75,1706.27,2367.94,2833.61,1872.79,2065.73,3162.58,1848.17,2820.14,2667.74,0.0,452.8,988.7,1855.73,3003.42,1955.03,507.58,4060.58,2065.73,1682.86,916.41,1227.19,1533.1,3708.6,1246.59,2282.44,2405.76,2256.38,2321.21,2934.16,1322.35,1269.41,1983.66,2701.95,649.28,1075.46,1191.63,1245.63,3027.45,1726.72
1760.39,3827.75,880.55,2280.09,2026.06,2333.13,1473.91,1688.88,3313.05,2150.36,2412.31,2014.91,2520.96,2603.52,2201.77,2756.12,2771.99,1452.66,3775.45,2766.94,2752.75,1783.98,3365.67,2469.25,2514.97,2684.88,1874.85,3464.19,1674.98,3004.79,1783.98,2491.5,1806.99,1363.16,3863.83,655.91,1724.0,2626.76,1799.76,2322.92,876.71,2166.99,1947.81,1202.84,1412.03,1912.37,1661.73,1893.0,2571.92,2912.46,1572.09,2144.57,3366.56,1927.02,2898.99,2746.59,464.68,0.0,1185.62,1934.58,3082.26,2161.77,233.08,3823.38,2144.57,1761.71,962.44,1461.17,1768.66,3787.45,1480.57,2361.29,2172.15,2019.18,2400.06,2872.99,1448.16,1363.16,2062.5,2464.75,400.53,826.71,969.02,1371.44,2790.25,1805.57
2415.46,4749.02,886.4,2453.62,2278.14,2988.2,1973.85,2188.82,3968.11,2411.55,3067.37,2188.44,3176.02,3258.58,2530.66,3411.19,2945.52,385.86,4696.72,3422.0,3674.02,2322.52,4286.94,3124.31,3170.03,2858.41,2529.91,4119.25,2320.72,3926.06,2322.52,3146.57,2340.39,2003.32,4785.1,940.13,2124.69,3548.03,1973.28,2977.98,542.85,2419.07,2602.88,353.07,2075.01,2833.64,1835.25,2440.18,2745.44,3567.52,2606.7,2799.64,3540.09,2582.08,3554.05,3401.65,927.18,1198.03,0.0,2589.64,3737.33,2442.66,1252.8,4744.65,2799.64,2416.77,1650.32,1961.1,2020.73,4442.52,1980.51,3016.35,3093.42,2940.45,3055.12,3668.07,2088.62,2003.32,2717.57,3386.02,1394.51,1747.98,1894.55,2011.9,3711.52,2460.63
497.32,2761.67,2412.29,2492.18,2221.3,573.79,1312.22,1235.94,1886.27,2183.53,1691.95,3056.21,1800.6,1222.61,2209.45,1389.8,2612.77,2983.85,2780.06,1381.9,2016.18,1182.58,2300.13,1748.89,1794.61,3256.11,562.28,2020.69,782.71,2009.4,1182.58,733.88,1776.73,1147.62,2806.53,2115.84,1936.92,1874.97,3331.49,942.01,2407.9,2294.04,190.19,2734.03,1196.49,1271.76,3193.47,1410.81,3252.27,1531.55,1618.32,302.0,3207.34,657.07,1518.09,1448.71,1996.42,2140.98,2724.42,0.0,1638.77,2194.95,2183.24,2766.07,302.0,469.6,1330.72,1333.53,2040.85,2038.91,1039.23,601.94,1186.73,1283.76,1679.7,1632.1,1852.23,1147.62,977.6,1815.34,2205.53,1670.58,2020.43,2038.01,1818.14,511.7
1737.05,1122.9,3407.09,3245.94,3253.23,1564.84,2307.02,2297.37,979.94,3084.74,1900.81,3776.32,2024.68,1094.28,3067.02,1041.57,3018.87,3978.65,1149.63,1033.67,1800.16,1937.54,1329.0,2154.98,2003.47,3697.99,1322.8,381.92,1862.37,932.04,1937.54,983.04,2838.91,2142.41,1167.75,3110.63,3016.58,1674.17,4305.77,1231.54,3402.7,3325.97,1548.41,3728.83,2191.28,2059.33,4188.26,2165.76,3658.37,1094.07,2484.29,1593.8,3539.58,1612.8,1178.58,1680.49,2991.21,3135.77,3719.21,1647.26,0.0,3096.16,3178.03,1127.3,1593.8,1709.32,2325.52,2328.33,3120.51,859.11,2118.89,1603.4,1974.31,2071.33,1888.56,1374.95,2855.02,2142.41,1979.05,1599.32,3200.32,2665.38,3015.22,3048.24,1650.65,1751.42
1797.88,4200.21,1690.36,400.36,251.34,1701.2,1074.44,1701.34,2785.67,53.53,1308.81,1086.25,1309.54,2696.63,143.13,2123.84,892.25,2297.14,4226.94,2134.65,3469.34,1835.05,3774.15,943.95,1368.06,1286.15,1967.96,3459.24,1681.78,3483.42,1835.05,2251.59,391.83,1675.23,4234.26,1736.92,628.64,3343.35,1570.62,2416.03,1920.01,324.07,1985.3,2246.14,1746.91,2597.49,1676.08,1952.7,1363.41,3005.57,2119.22,2086.55,1486.82,2020.13,2992.1,2839.7,1708.21,1998.38,2388.48,1972.06,3077.31,0.0,2053.15,4200.25,2086.55,1799.19,1697.85,1095.75,732.57,3185.28,1493.03,1646.41,2577.72,2674.75,1313.28,3106.12,950.44,1675.23,1650.93,3221.53,2194.86,2265.06,2614.91,798.11,3292.16,1822.27
1812.82,3600.01,921.22,2320.76,2066.73,2385.57,1578.05,1764.72,3365.48,2200.14,2464.74,2055.58,2573.39,2655.95,2319.25,2808.56,2812.66,1493.33,3547.7,2819.37,2525.01,1836.41,3137.93,2521.68,2567.4,2725.55,1927.28,3386.95,1727.42,2777.04,1836.41,2543.93,1983.88,1415.59,3636.09,696.58,1900.89,2399.01,1840.42,2375.35,917.38,2207.66,2000.24,1243.5,1464.46,1684.63,1702.39,1954.07,2612.58,2911.69,1603.98,2197.01,3407.23,1979.45,2756.24,2590.51,505.34,185.16,1226.28,1987.01,3134.7,2231.25,0.0,3595.63,2197.01,1814.14,1139.33,1565.31,1809.32,3839.88,1584.71,2413.72,1944.4,1791.43,2452.49,2645.25,1625.05,1415.59,2114.94,2237.01,172.79,598.97,848.0,1548.33,2562.51,1858.0
2870.33,155.2,4480.72,4378.41,4385.71,2698.13,3440.3,3414.97,1821.45,4217.22,3033.28,4908.79,3157.15,1763.45,4199.49,2174.4,4151.34,5052.83,72.97,2166.95,1735.3,3070.82,1150.45,3287.46,3135.94,4830.47,2456.08,751.43,2995.65,893.22,3070.82,2116.32,3971.39,3275.69,40.46,4243.91,4149.86,1609.31,5399.92,2102.9,4476.88,4458.44,2681.69,4803.0,3324.57,2719.34,5261.89,3237.69,4790.84,1627.86,3026.83,2727.08,4672.06,2746.08,1472.41,1908.34,4064.84,3834.5,4785.78,2780.54,1133.28,4228.63,3654.67,0.0,2727.08,2842.6,3408.92,3461.61,4253.79,1350.01,3252.18,2736.68,2484.34,2455.39,3021.03,1310.1,3988.3,3275.69,3112.33,1534.46,3676.97,3142.02,3436.5,4181.52,1585.79,2884.7
660.83,2668.47,2575.8,2361.2,2114.38,412.39,1475.73,1399.44,1793.07,2065.78,1530.55,2949.29,1639.21,1211.69,2048.05,1296.6,2451.38,3147.36,2695.2,1288.7,2005.26,1346.08,2289.21,1587.49,1633.21,3130.51,725.78,1927.5,946.21,1998.48,1346.08,640.68,1700.05,1311.12,2713.33,2279.34,1970.05,1864.05,3433.66,931.09,2571.41,2187.11,341.29,2897.53,1359.99,1435.26,3356.97,1574.31,3090.88,1520.63,1781.82,0.0,3045.95,820.58,1507.17,1600.78,2159.92,2304.48,2887.92,320.28,1545.57,2077.19,2346.74,2672.87,0.0,633.1,1494.23,1497.04,2073.98,1945.71,1202.73,440.55,1350.23,1447.26,1518.3,1621.18,2015.74,1311.12,816.2,1804.42,2369.03,1834.08,2183.93,2139.52,1807.22,675.2
39.47,2840.82,2111.62,2191.5,1920.63,770.93,1011.54,935.26,2081.69,1882.86,1495.82,2755.54,1604.47,1239.17,1934.27,1585.21,2416.65,2683.18,2796.62,1577.31,2032.74,916.65,2316.69,1552.76,1598.48,2955.44,578.84,2099.84,482.03,2025.96,916.65,929.3,1476.06,846.94,2885.01,1815.16,1636.24,1891.52,3030.82,958.57,2107.23,1993.36,385.61,2433.35,895.81,1288.31,2892.79,1090.69,3032.7,1548.11,1317.64,582.37,3011.22,656.18,1534.64,1465.27,1695.74,1840.3,2423.74,372.37,1717.92,1894.27,1882.56,2844.55,582.37,0.0,1030.05,1032.86,1740.17,2234.32,738.55,799.08,1203.29,1300.31,1483.57,1648.66,1551.56,846.94,1146.02,1831.9,1904.85,1369.9,1719.75,1737.34,1834.7,256.34
995.18,3330.61,1298.07,1975.67,1704.8,1567.92,700.45,805.67,2547.84,1667.03,1647.1,2424.53,1755.75,1838.31,1718.44,1990.91,2467.56,1869.63,3278.3,2001.73,2255.61,939.38,2868.53,1704.04,1749.76,2670.9,1109.64,2698.98,909.78,2507.64,939.38,1726.29,1260.23,485.23,3366.69,1001.61,1377.97,2129.62,2217.27,1557.71,1293.68,1777.53,1182.6,1619.81,556.91,1415.23,2079.24,1057.04,2748.17,2147.25,1030.68,1379.36,3062.13,1161.81,2133.78,1981.38,882.19,1006.42,1610.19,1169.37,2317.05,1678.44,1061.19,3326.24,1379.36,996.5,0.0,687.71,1466.93,3022.24,597.36,1596.08,1675.01,1522.03,1634.85,2247.79,1089.93,485.23,1297.3,1967.61,1202.9,741.11,1125.84,1025.41,2293.11,1040.36
1016.98,3491.13,1585.51,1418.79,1147.91,1301.37,24.58,686.98,2599.01,1110.15,1604.54,1982.82,1605.27,1889.48,1161.56,2042.09,1910.68,2157.07,3446.93,2052.9,2499.41,820.69,2967.0,1379.49,1663.79,2182.72,1160.81,2750.15,734.86,2676.27,820.69,1748.09,703.35,660.87,3535.31,1289.05,863.53,2373.42,2467.2,1608.88,1581.12,1220.65,1204.4,1907.24,732.55,1583.14,2366.68,938.34,2259.99,2198.42,1104.86,1401.16,2505.25,1212.98,2184.95,2032.55,1169.63,1406.25,1897.63,1191.17,2368.23,1121.56,1461.02,3494.86,1401.16,1018.3,644.56,0.0,967.46,3053.12,478.67,1276.63,1770.57,1765.84,1609.01,2298.97,597.74,660.87,1348.47,2211.42,1602.73,1250.71,1600.55,915.08,2485.01,1061.17
1671.28,4171.68,1351.33,1056.21,715.53,1713.57,947.84,1574.74,2894.63,747.57,1739.45,1342.48,1740.18,2570.04,798.99,2232.79,1548.11,1958.11,4127.48,2243.61,3342.74,1708.45,3647.55,1511.42,1798.7,1542.38,1841.37,3430.71,1555.18,3356.82,1708.45,2263.97,404.2,1548.63,4215.87,1397.89,103.96,3216.75,1670.91,2289.44,1580.98,856.46,1858.7,1907.11,1620.32,2470.9,1670.14,1826.1,1619.64,2878.97,1992.63,2055.46,2142.68,1893.53,2865.51,2713.11,1369.18,1659.35,2049.45,1845.47,3048.78,758.98,1714.12,4175.42,2055.46,1672.6,1467.29,969.16,0.0,3294.23,1366.43,1658.78,2451.13,2548.15,1743.92,2979.52,748.74,1548.63,1663.31,3094.93,1855.83,2138.47,2398.18,475.71,3165.56,1695.68
2251.97,1410.58,4163.12,3334.5,3341.8,1879.83,3063.04,2990.58,614.46,3173.31,1989.37,3864.89,2113.24,1963.52,3155.58,1130.49,3107.44,4734.68,1396.01,1141.31,2279.37,2712.26,1868.34,2243.55,2092.03,3786.56,2097.53,693.38,2537.35,1437.3,2712.26,1298.03,2927.48,2898.44,1371.44,3866.66,3197.47,2153.38,4394.34,2080.6,4158.73,3414.53,1932.43,4484.85,2947.31,2834.05,4766.55,2940.49,3746.94,1872.36,3259.01,1977.81,3581.87,2387.52,1956.87,2452.42,3747.24,3891.8,4475.24,2051.22,869.24,3184.72,3934.06,1337.43,1977.81,2224.24,3081.55,3084.36,3301.41,0.0,2793.87,1918.38,2749.03,2846.05,1977.12,1854.17,3437.56,2898.44,2142.51,2078.54,3956.35,3421.4,3771.25,3366.94,2129.86,2266.34
755.76,3262.05,1700.75,1813.89,1543.02,1334.39,444.84,208.31,2387.45,1505.25,1486.7,2377.93,1595.36,1660.4,1556.66,1830.52,2305.78,2272.32,3217.85,1841.33,2394.87,342.02,2737.91,1543.64,1589.36,2577.83,931.73,2521.07,340.21,2447.19,342.02,1492.75,1098.45,449.3,3306.23,1404.3,1258.63,2268.88,2619.96,1379.8,1696.36,1615.75,949.07,2022.49,400.79,1104.47,2481.93,459.67,2655.09,1969.34,626.19,1145.83,2900.35,983.9,1955.87,1803.47,1284.88,1521.5,2012.88,935.83,2139.15,1516.66,1576.27,3265.78,1145.83,757.08,599.16,466.15,1362.56,2797.78,0.0,1340.83,1446.42,1458.83,1474.45,2069.89,992.85,449.3,1136.9,2106.88,1681.12,1146.17,1496.01,1310.18,2255.93,806.82
841.03,2706.6,2667.88,1920.66,1673.84,54.8,1255.01,1518.77,1734.55,1625.24,1090.02,2508.75,1198.67,1333.83,1607.52,1060.65,2010.84,3239.44,2733.33,1071.46,2127.4,1500.15,2411.35,1146.96,1192.68,2689.97,916.22,1965.62,1065.54,2120.62,1500.15,605.2,1259.52,1403.2,2751.45,2371.43,1529.51,1986.19,2993.12,1053.23,2663.49,1746.57,531.73,2989.62,1452.08,1625.7,3098.58,1728.38,2650.34,1642.77,1873.91,440.16,2605.41,1011.02,1629.31,1722.92,2252.0,2396.57,2980.01,602.44,1583.7,1636.65,2438.82,2711.0,440.16,823.54,1586.31,1276.32,1633.44,1905.68,1322.06,0.0,1540.67,1637.7,1077.77,1743.32,1614.05,1403.2,375.67,1926.56,2461.12,1926.17,2276.01,1698.98,1929.36,698.86
1300.13,2293.07,2787.71,3039.33,2768.46,1594.83,1774.51,1517.92,2704.04,2730.69,2258.78,3603.37,2367.44,1421.77,2782.1,2207.57,3179.61,3359.82,2240.76,2199.67,1218.07,1282.3,1830.99,2315.72,2361.44,3803.27,878.91,2080.01,1329.86,1470.1,1282.3,1551.65,2323.89,1609.9,2329.15,2563.07,2484.07,1092.08,3706.91,1178.46,2783.87,2841.19,1146.41,3109.99,1658.77,511.48,3568.88,1108.08,3819.11,1604.76,1333.82,1409.47,3774.18,1047.67,1449.3,823.92,2371.83,2141.5,3092.77,1217.78,2086.33,2742.1,1961.67,2288.7,1409.47,1279.84,1715.91,1795.82,2588.0,2756.4,1523.42,1622.99,0.0,97.11,2246.53,1338.31,2322.51,1609.9,1908.98,930.07,1983.96,1449.01,1743.49,2515.73,1255.57,1321.94
1329.51,2359.98,2690.59,3068.71,2797.83,1624.21,1803.88,1547.3,2733.42,2760.07,2288.16,3632.74,2396.81,1451.14,2811.48,2236.95,3208.99,3262.7,2307.67,2229.05,1284.97,1311.68,1897.9,2345.1,2390.82,3832.64,908.29,2146.92,1359.24,1537.01,1311.68,1581.03,2353.27,1639.28,2396.06,2465.95,2513.45,1158.98,3609.8,1207.83,2686.75,2870.57,1175.78,3012.88,1688.15,540.85,3471.77,1137.46,3848.49,1671.66,1236.71,1438.85,3803.56,1077.05,1516.2,846.16,2274.72,2044.38,2995.66,1247.16,2115.71,2771.48,1864.55,2355.6,1438.85,1309.22,1618.8,1825.19,2617.38,2823.3,1552.8,1652.37,152.97,0.0,2275.91,1405.21,2351.89,1639.28,1938.36,996.98,1886.84,1351.9,1646.37,2545.1,1322.47,1351.32
1593.02,3109.18,2919.17,1538.94,1575.55,1255.85,1656.22,1918.73,1665.29,1377.74,71.4,2069.32,193.51,2353.51,1360.02,1032.8,1311.87,3490.73,3135.9,1043.61,3205.39,2020.11,3315.27,447.98,172.3,1990.99,1707.47,2368.2,1507.61,2918.32,2020.11,1656.05,1441.9,1654.49,3143.23,2622.71,1711.89,3064.17,2598.77,2155.54,2914.78,1648.28,1732.78,3240.9,1703.36,2402.26,3000.29,2170.09,1951.37,2620.02,2125.19,1641.2,1806.07,1759.64,2704.53,2579.22,2503.29,2647.85,3231.29,1767.21,1986.28,1389.16,2690.11,3109.22,1641.2,1594.33,1837.6,1677.54,1815.82,2094.24,1710.42,1201.06,2317.23,2414.26,0.0,2821.3,1951.98,1654.49,842.13,2961.04,2712.4,2177.45,2527.3,1881.36,3007.34,1638.19
1683.42,1322.0,3353.46,3518.21,3247.34,1759.12,2253.39,2243.74,2188.09,3209.57,2737.66,4082.25,2846.31,575.09,3260.98,1836.08,3658.49,3925.02,1269.7,1828.18,824.16,1883.9,789.76,2794.6,2840.32,4282.15,1269.17,1108.95,1808.74,499.04,1883.9,1418.08,2802.77,2088.78,1358.08,3057.0,2962.95,698.16,4272.66,914.54,3349.07,3320.07,1522.25,3675.19,2137.65,1770.37,4134.63,2049.34,4297.99,439.51,2115.68,1661.34,4253.06,1559.17,284.05,997.2,2937.58,2923.36,3665.58,1593.63,1290.47,3220.98,2743.53,1317.63,1661.34,1655.69,2271.89,2274.7,3066.88,1785.33,2065.26,1787.28,1573.2,1544.24,2725.41,0.0,2801.39,2088.78,2162.93,623.32,2765.82,2230.87,2525.35,2994.61,674.65,1697.79
1478.5,3978.91,1407.88,1267.99,997.12,1637.53,576.59,1203.48,3011.15,959.35,1855.97,1832.03,1856.7,2377.26,1010.76,2349.32,1759.88,2014.65,3934.71,2360.13,3015.92,1337.19,3454.77,1630.92,1915.22,2031.93,1648.59,3237.93,1196.38,3164.04,1337.19,2187.93,552.55,1177.37,4023.09,1312.77,644.81,2889.93,2103.02,2096.66,1637.53,1069.85,1665.92,1963.65,1249.06,2099.64,2102.25,1454.85,2109.19,2686.2,1621.37,1862.68,2354.45,1700.76,2672.73,2520.33,1296.46,1486.98,2072.1,1652.69,2856.01,970.76,1541.75,3982.64,1862.68,1479.82,1092.64,597.9,748.74,3410.76,995.17,1612.79,2258.35,2282.34,1860.44,2786.75,0.0,1177.37,1728.0,2727.92,1683.46,1767.21,2117.06,317.35,2972.78,1522.69
879.78,3261.43,1674.56,2000.21,1729.34,1452.53,631.16,422.58,2432.44,1691.57,1531.7,2564.25,1640.35,1722.91,1742.99,1875.52,2452.53,2246.12,3209.12,1886.33,2186.42,600.32,2799.34,1588.64,1634.36,2764.15,994.24,2583.58,794.38,2438.46,600.32,1610.9,1284.77,0.0,3297.51,1378.1,1444.95,2060.43,2593.76,1442.31,1670.17,1802.07,1067.21,1996.3,115.7,1162.44,2455.73,717.98,2841.42,2031.85,650.2,1263.97,3047.1,1046.41,2018.38,1865.98,1258.68,1408.11,1986.69,1053.97,2201.66,1702.98,1450.37,3257.05,1263.97,881.1,489.59,652.48,1548.89,2906.84,458.03,1480.68,1504.4,1452.85,1519.45,2132.4,1179.17,0.0,1181.9,1898.43,1472.67,937.72,1287.56,1335.02,2223.92,924.96
966.07,3125.64,2292.22,1862.24,1724.64,473.85,1192.15,1291.78,1702.34,1612.85,714.35,2392.63,823.01,1752.88,1595.13,1058.17,1635.18,2863.78,3152.37,1068.98,2546.45,1393.16,2830.39,771.29,817.01,2314.3,1080.53,2384.67,880.66,2539.66,1393.16,1024.24,1310.31,1027.54,3168.59,1995.76,1580.31,2405.23,2922.08,1472.28,2287.83,1797.37,950.77,2613.96,1076.41,1775.31,3073.39,1543.14,2274.68,2061.81,1498.24,859.2,2229.75,1132.69,2048.35,1952.27,1876.34,2020.9,2604.34,1021.48,2002.74,1624.27,2063.16,3130.04,859.2,967.39,1210.65,1213.46,1684.24,2119.61,1083.47,419.05,1690.28,1787.31,702.1,2162.36,1740.15,1027.54,0.0,2334.09,2085.45,1550.51,1900.35,1749.78,2348.4,1011.24
1891.56,1610.46,3278.75,3684.78,3413.91,1967.27,2419.96,2213.01,2476.54,3376.14,2904.24,4248.82,3012.89,785.92,3427.56,2046.9,3825.06,3850.86,1558.15,2039.0,390.87,2025.25,1148.38,2961.18,3006.9,4448.72,1477.32,1397.4,1975.32,787.49,2025.25,1628.91,2969.34,2229.44,1646.54,3054.11,3129.52,264.88,4197.95,1122.68,3274.91,3486.64,1730.4,3601.03,2278.31,1467.21,4059.92,1965.67,4464.56,922.14,1824.86,1869.48,4419.63,1693.12,766.69,476.75,2862.88,2632.54,3583.81,1801.77,1578.92,3387.55,2452.71,1606.08,1869.48,1863.84,2206.95,2441.27,3233.46,2073.78,2231.84,1995.42,1052.75,1149.78,2891.99,655.7,2967.96,2229.44,2371.07,0.0,2475.0,1940.05,2234.53,3161.18,572.96,1905.94
1839.11,3626.29,1017.92,2417.46,2163.43,2411.85,1672.78,1791.01,3391.76,2296.84,2491.02,2152.28,2599.68,2682.23,2415.95,2834.84,2909.35,1590.03,3573.98,2845.65,2551.29,1862.69,3164.21,2547.96,2593.68,2822.25,1953.56,3413.23,1753.7,2803.32,1862.69,2570.22,2080.58,1441.87,3662.37,793.28,1997.59,2425.3,1937.12,2401.63,1014.08,2304.36,2026.53,1340.2,1490.75,1710.91,1799.09,1980.35,2709.28,2937.98,1630.27,2223.29,3503.93,2005.73,2782.52,2616.79,602.04,349.67,1322.98,2013.29,3160.98,2327.95,169.84,3621.92,2223.29,1840.42,1227.62,1662.01,1906.02,3866.17,1656.68,2440.0,1970.69,1817.71,2478.77,2671.53,1721.75,1441.87,2141.22,2263.29,0.0,625.25,783.86,1645.03,2588.79,1884.28
1315.65,3102.84,1441.92,2518.38,2247.5,1888.4,1149.33,1267.55,2868.31,2209.74,1967.57,2576.28,2076.22,2158.78,2261.15,2311.39,2888.4,2014.03,3050.53,2322.2,2027.83,1339.24,2640.76,2024.51,2070.23,3246.25,1430.11,2889.78,1230.25,2279.87,1339.24,2046.76,1802.94,918.42,3138.92,1217.28,1963.12,1901.84,2361.13,1878.18,1438.08,2320.24,1503.07,1764.21,967.29,1187.46,2223.1,1456.9,3133.29,2414.52,1106.81,1699.83,3482.97,1482.28,2259.07,2093.34,1026.05,773.67,1730.24,1489.84,2637.53,2221.15,593.84,3098.46,1699.83,1316.97,736.11,1170.64,2067.05,3342.71,1133.23,1916.55,1447.23,1294.26,1955.32,2148.07,1697.33,918.42,1617.77,1739.84,616.14,0.0,401.4,1737.25,2065.33,1360.83
1658.27,3374.19,1678.61,2860.99,2590.12,2231.01,1491.94,1610.17,3210.92,2552.35,2310.18,2812.97,2418.83,2501.39,2603.76,2654.0,3231.01,2250.72,3321.88,2664.81,2299.19,1681.85,2912.11,2367.12,2412.84,3482.94,1772.72,3161.13,1572.86,2551.22,1681.85,2389.38,2145.55,1261.03,3410.27,1453.96,2305.73,2173.19,2597.81,2220.79,1674.76,2662.85,1845.69,2000.89,1309.91,1458.81,2459.78,1799.51,3369.97,2685.87,1378.16,2042.45,3825.58,1824.89,2530.42,2364.69,1262.73,1063.96,1983.67,1832.45,2980.14,2563.76,959.75,3369.81,2042.45,1659.58,1114.19,1513.25,2409.66,3685.32,1475.84,2259.16,1718.58,1565.61,2297.93,2419.43,2039.94,1261.03,1960.38,2011.19,959.94,394.74,0.0,2115.33,2336.69,1703.44
1668.44,4157.56,1327.51,1125.6,854.73,1782.96,893.92,1486.14,2964.01,816.96,1808.83,1661.16,1809.56,2555.91,868.37,2302.18,1617.49,1934.28,4113.35,2312.99,3225.6,1619.85,3633.42,1580.8,1868.08,1889.54,1827.24,3416.58,1513.72,3342.7,1619.85,2333.35,473.59,1355.87,4201.74,1232.4,390.6,3099.61,1813.43,2275.31,1557.16,927.46,1855.87,1883.28,1427.56,2382.3,1812.67,1737.51,1966.8,2864.85,1904.03,2052.63,2212.06,1879.41,2851.38,2698.98,1216.09,1406.61,1991.73,1842.63,3034.66,828.37,1461.38,4161.29,2052.63,1669.76,1023.21,915.23,479.56,3363.62,1277.83,1728.17,2437.0,2492.03,1813.3,2965.4,317.35,1355.87,1732.69,2937.6,1603.09,1729.27,2114.0,0.0,3151.43,1692.84
1845.55,1588.27,3388.93,3680.34,3409.47,1921.26,2415.52,2323.19,2454.36,3371.7,2899.79,4244.38,3008.45,739.9,3423.11,2000.89,3820.62,3961.04,1535.96,1992.99,512.15,2046.04,1126.19,2956.73,3002.46,4444.28,1431.31,1375.21,1970.87,765.3,2046.04,1582.9,2964.9,2250.91,1624.35,3164.29,3125.08,362.99,4308.13,1076.67,3385.09,3482.2,1684.39,3711.21,2299.79,1627.56,4170.1,2145.06,4460.12,899.95,1935.04,1823.47,4415.19,1721.3,744.5,816.56,2973.05,2742.72,3693.99,1755.76,1556.73,3383.11,2562.89,1583.9,1823.47,1817.82,2317.13,2436.83,3229.01,2051.6,2227.4,1949.41,1392.56,1363.6,2887.54,633.51,2963.52,2250.91,2325.06,442.68,2585.18,2050.23,2344.71,3156.74,0.0,1859.92
295.5,2869.88,2210.47,2148.38,1877.51,680.48,1035.32,1034.11,2110.75,1839.74,1594.67,2712.42,1703.33,1268.24,1891.16,1614.28,2515.5,2782.03,2825.68,1606.38,2061.8,1015.5,2345.75,1651.61,1697.33,2912.32,607.9,2128.91,580.88,2055.02,1015.5,958.36,1432.94,945.79,2914.07,1914.01,1593.12,1920.59,3129.67,987.64,2206.08,1950.24,414.67,2532.21,994.66,1317.38,2991.64,1243.73,2989.59,1577.17,1416.49,611.43,3110.07,702.7,1563.71,1494.33,1794.59,1939.15,2522.59,401.44,1746.98,1851.16,1981.41,2873.61,611.43,267.77,1128.9,1056.64,1697.06,2263.39,837.4,703.32,1232.35,1329.38,1582.42,1677.72,1521.59,945.79,1078.97,1860.97,2003.7,1468.76,1818.6,1694.22,1863.76,0.0
